temperature,pressure,process_duration,material_quality,machine_load,deviation
74.96714153011233,36.99677718293001,49.87232587538428,0.9456220688452153,85.47147518429382,1
68.61735698828815,34.62316841456384,57.83221993926723,0.9950701619540989,49.506438315935284,0
76.47688538100692,30.29815184960087,48.11370118500058,0.7779012516851241,81.0625077279852,1
85.23029856408026,26.76531611147213,55.38057705541439,0.9909170898393931,67.2315435553568,1
67.65846625276664,33.49111656806795,31.595779995693213,0.8293701609374673,43.89282598043848,0
67.6586304305082,31.967426927108747,63.19940561059408,0.8042556385941264,87.77240957190338,1
85.79212815507391,34.47596610013866,60.01808213043336,0.7151048580908059,52.34805834959462,1
77.67434729152909,33.175859008409844,47.74367053397714,0.7158295773578808,82.98226726763033,1
65.30525614065049,35.247763576596675,69.88868502648607,0.9076033767839964,48.44050028922821,0
75.42560043585965,27.32382394219716,74.06355206439838,0.8373786983302083,82.69714410709264,1
65.36582307187538,36.58697032817163,35.88660203446538,0.7679564878108317,40.6614406452647,1
65.34270246429743,30.987998023461998,48.55912832150679,0.8841910918975697,65.58902282847403,0
72.41962271566034,40.37630436312632,48.46286475319053,0.7758574354750333,78.47212897107784,1
50.86719755342202,26.55406090955216,45.90145348336703,0.8732895263033268,86.73977587463916,1
52.75082167486967,38.67981901582625,72.44212262897622,0.807762624094807,85.46010681032436,1
64.37712470759027,30.989553917313238,57.09260791840795,0.9470656679835457,80.98124347738224,1
59.87168879665576,26.74290998192776,56.03227738034084,0.9462088482300338,84.4095674830652,1
73.14247332595274,27.58057082972839,29.942064533898698,0.8432051194367204,49.960984291853826,0
60.91975924478789,28.3982634590284,69.53127045313839,0.8052457328005047,54.20921478558644,0
55.87696298664709,32.12082973200958,41.41112407719791,0.8087679389677284,54.448426246052925,0
84.65648768921554,32.6141774401775,60.89898945399492,0.9417143577004654,58.85269655008494,0
67.74223699513465,27.131499980307105,64.16065406937288,0.7984538448392836,59.666033519259436,1
70.67528204687923,29.878227038695087,80.40987893757976,0.7627178121120538,67.22776623273377,1
55.75251813786544,40.71135179305932,40.367694013213324,0.725406502562592,47.99398816832207,1
64.55617275474818,38.637715850503554,14.707317662687622,0.8400079362653226,74.56233318929947,0
71.10922589709867,32.18161834837016,62.75774317130542,0.8446396296759525,48.37832696522533,0
58.490064225776976,30.190017390841,87.0076677226628,0.9522726131208721,55.515424105227375,0
73.75698018345672,30.600156633591308,78.58419529409156,0.7663716089338192,65.1672565303077,1
63.99361310081195,33.06758986365208,63.14489122911939,0.8142973821005199,79.82202807617386,0
67.08306250206724,24.886037174007974,52.62545721551929,0.9425217216681072,76.97346166193637,0
63.98293387770603,28.713117312883274,72.10683894955966,0.947087083224692,72.27671782052612,0
88.52278184508938,21.657079630612053,45.39680700443297,0.8153833227936305,47.78866302900851,1
69.86502775262066,31.996115613026397,67.14536654034329,0.8377372069860043,67.35226728077889,0
59.422890710440996,33.2359796985137,67.5820523874994,0.7909857672547849,44.37232508999427,1
78.22544912103189,27.58406768850313,75.90314861248319,0.9797664635257937,58.86815883983254,0
57.791563500289776,37.869933816450164,101.39490058366616,0.735593129722474,60.675826514497956,1
72.08863595004756,23.871171684988294,65.88623950768151,0.980124826900441,41.99057197228769,0
50.403298761202244,22.6781255989509,52.36554561438752,0.9051599355506029,53.69940497349859,0
56.71813951101569,31.12225909279986,59.616385317120084,0.8594716458060193,87.78247336332447,1
71.96861235869123,35.23549151306077,33.46386142666323,0.7097977182353488,87.68163039148448,1
77.3846657999541,38.419638457289345,49.579303033664125,0.8426788575466024,57.61635271262696,0
71.7136828118997,27.7055786856553,53.86076342830344,0.8223244315008197,42.1550054474162,0
68.8435171761176,35.393404167156476,52.138674030981115,0.7483656435925368,48.954746966409076,1
66.98896304410711,29.807457652496463,62.28532308050583,0.896922881050197,59.61088967167701,0
55.214780096325725,29.136863500295902,47.66370101426699,0.9913452722104857,87.38898489846149,1
62.801557916052914,34.41829968743336,76.81546000986707,0.8686566433193575,47.059953176859246,0
65.39361229040213,33.261614392067095,60.00310597377295,0.9144259829331838,78.1757921834106,0
80.57122226218915,22.118039215078753,59.860495182920786,0.720535135769805,45.4341269687346,1
73.43618289568461,37.38270174862948,55.081579252306234,0.8253000987450984,89.06287886956383,1
52.36959844637266,36.90045677073726,62.32786025788469,0.7349075455493487,59.08082495545675,1
73.24083969394795,26.872186492452354,72.37647397001452,0.8838387506609531,78.7617269449528,0
66.14917719583684,31.979017667187044,46.9930467643365,0.9815446474642464,57.12955414055659,0
63.23077999694041,32.47015093141369,50.12825266387115,0.8985333197414915,71.38344385794043,0
76.11676288840867,31.303368829119535,55.44410956835003,0.7230409144943264,49.60080423700184,1
80.30999522495951,27.2484742307729,39.811936147901775,0.8063998614955248,47.30105096484813,0
79.31280119116198,26.641883160309742,47.71113210417754,0.8651990138322554,86.90320697840656,1
61.607824767773614,29.872229645042772,52.85668689683011,0.8209623268399756,85.88236389522167,1
66.90787624148786,35.86364509629682,73.11583771069091,0.9500932031425517,84.37344701064413,1
73.31263431403563,32.71800077297216,63.938419935028875,0.9444013014129967,71.27167250832967,0
79.75545127122359,28.14692833956947,62.90384867051316,0.8835493060309664,80.41341056081392,1
65.2082576215471,33.85849355324172,72.76346943251959,0.8120373835398116,43.451846845568745,0
68.14341023336183,15.757286896849623,57.93942317400905,0.7766009121289732,56.73945209453396,1
58.93665025993972,35.74382850186052,65.85697274893334,0.7317622954639388,55.68515623785781,1
58.037933759193294,21.301431106109504,58.451673706012556,0.8064693050459661,71.78226609763067,0
78.12525822394198,28.18779529298434,63.980435240994424,0.8239517551623159,57.79788867353203,0
83.56240028570824,24.401650526869282,51.25862013582627,0.9027468775312221,47.42533908218404,0
69.27989878419666,23.526592621395473,23.417742625853563,0.897447947289272,69.82335377067719,0
80.03532897892023,35.8041339368926,57.985812567205436,0.721032441892377,80.71919603345407,1
73.61636025047635,27.661493993440544,81.3412220414991,0.8185777946293473,59.10617472299866,0
63.54880245394876,31.73251940865358,73.89323103362389,0.7545336601652085,46.61343575492408,1
73.61395605508415,29.76539710560408,74.48096226886756,0.7470438115950416,49.83440986564115,1
85.38036566465969,32.385204136115604,78.54196082709326,0.9481906449211738,51.8741652584692,1
69.64173960890048,30.384109455301278,61.32986386442156,0.7125745650148773,54.99487964972681,1
85.64643655814007,23.58503887905715,62.959735611083936,0.8257548627706364,72.13975352531546,1
43.80254895910255,34.9813340972357,50.73522156848475,0.7504610967299554,70.04727422688595,1
78.21902504375224,27.531217084193436,55.25890715959425,0.9637990647035422,74.80399307835197,0
70.87047068238171,22.217090506701247,69.23656724656712,0.8671121539825105,58.12509922657566,0
67.00992649534132,27.859424195170437,78.05826655753225,0.7694141909130544,81.19988259399892,1
70.91760776535503,37.503798953171554,57.90830586478501,0.850728186149913,50.204383057788014,0
50.124310853991076,34.251108710567465,53.24716102722883,0.9194459079109347,63.45203737590769,0
67.80328112162488,28.256739327960705,60.00791938284896,0.9874354026758301,80.0469360770715,1
73.57112571511746,28.253711478407855,69.01810123393672,0.7661338012736256,49.00793238663096,1
84.77894044741517,28.391824743913087,38.34217775799687,0.9658545316388035,45.49315568703915,0
64.81729781726352,40.383739917804206,25.557285702941428,0.980291234250247,84.18419838439948,1
61.91506397106812,31.909677261157768,51.74194725762625,0.9749261633596198,57.14648313795979,0
64.98242956415463,32.15020823595535,41.689313611287616,0.8906243070585729,74.1935062454516,0
79.15402117702074,35.151417270159214,52.37789703529034,0.8889461963304123,41.267430213196924,0
73.28751109659684,31.193945795132567,57.78329521773793,0.8209631899551468,74.50234442047248,0
64.70239796232961,28.704789270896484,53.2012738646548,0.9257193646911364,55.80506557734853,0
75.13267433113356,29.01825075457511,81.78701301706118,0.8593882055052795,42.787042679372085,0
70.9707754934804,29.641993702929682,64.90117146903481,0.9032314213684883,70.49063807740585,0
79.68644990532889,29.813888817450792,64.50711539416243,0.8285373711546387,52.04019080365866,0
62.979469061226474,33.6381477181849,69.33310716065102,0.9194489392129417,59.340362102594,0
66.72337853402232,30.259729429036497,42.917503233288464,0.9473414552813647,44.02904061432568,0
66.07891846867842,33.6632003860779,75.58667681130403,0.7439308769808448,47.35816255474727,1
55.364850518678814,29.59641709945709,58.863535701968104,0.9498789146722684,54.89886177479219,0
72.96120277064576,30.393175951580453,70.05720925861819,0.8620889595370922,44.48797502800786,0
72.6105527217989,20.00899657733946,43.92214150439767,0.9533997727270673,85.54131323431577,1
70.05113456642461,34.581638373512405,36.693618509759034,0.8293905119023044,40.30235215919892,0
67.65412866624852,31.732442379489964,72.26834487037543,0.8137121456149105,64.19301094321557,0
55.84629257949586,34.99005054929826,65.64614289146274,0.9745182197551667,46.162372906627574,0
65.79354677234642,15.518723109031553,46.46922668463735,0.7753507802645203,55.383954473897425,1
66.57285483473231,40.44187352390364,46.95505378087958,0.9532636975858428,86.30297799091328,1
61.97722730778381,29.302051859224132,76.88152176622154,0.8452061717528212,48.08472766369934,0
68.3871428833399,35.54091408368758,42.15882160699008,0.8542286327653779,88.29161598591662,1
74.04050856814538,24.800470364372345,84.64009429883944,0.7925404844468452,50.289718849471086,1
88.8618590121053,33.063869525312846,46.49068898028197,0.8719126601857047,77.07830542334148,1
71.74577812831839,24.73292218413172,69.57587888412574,0.7975633588828633,67.33386324486558,1
72.57550390722764,26.881155196520975,55.07072286376523,0.7117808242724957,84.22393637983797,1
69.25554084233833,39.570156769333934,69.04781146623515,0.7815995816033068,67.69966277515655,1
50.812287847009586,29.046587996183266,51.838289968287114,0.7019137130219771,66.72796095781544,1
69.73486124550783,31.087164365898616,57.558106408915584,0.9935064361170569,49.772900018419996,0
70.60230209941027,34.35033865344377,60.61378763093582,0.9897241629459242,48.311468102582936,0
94.63242112485287,32.47840943986302,44.96718816327791,0.8185465892416914,85.82445755577571,1
68.07639035218878,30.752094525717883,71.11236518130188,0.9185112563018938,56.391909942501705,0
73.01547342333612,31.824805012331126,52.30179650292622,0.8037418295231274,58.6041127481448,0
69.65288230294756,42.01707792619138,56.571001269899725,0.9013279471257928,77.99118292141942,1
58.31321962380468,29.711906014832074,45.08475938087231,0.9416290129137938,56.941174121140364,0
81.4282281451502,31.005495233574837,21.564995118070343,0.9840268734076723,87.60312233195015,1
77.51933032686775,35.25327198003806,57.13458356099746,0.8200636827549016,76.89638844994002,0
77.91031947043047,35.52762966478992,96.18923132419374,0.9349893948868143,69.871462128671,1
60.906125452052606,35.9351515278019,71.76906431847036,0.7797785351896356,84.04475802723763,1
84.02794310936099,33.19365111014592,59.71109430398408,0.9970996911380945,42.48029541747414,0
55.98148937207719,24.284975436347583,56.05663756187599,0.7077308796293053,52.85313460946044,1
75.8685709380027,38.16715766150548,60.33698839218069,0.8810586419503362,63.25181671104549,0
91.90455625809979,24.26827303490656,68.20678672762816,0.8978517944953981,51.34892697357605,1
60.09463674869312,31.513177326195166,42.28780777036732,0.9064136671222387,77.1952593651076,0
64.33702270397228,26.22862074990321,76.71482542003308,0.7361162736367267,85.96040155268625,1
70.99651365087641,29.679308267035037,70.73071973161866,0.9815589350419391,61.18850599654617,0
64.965243458838,31.6438120515174,70.77278588561902,0.7543549837150249,57.10663000559475,1
54.493365689338674,31.606786077251364,66.57713608214591,0.8868260209719523,88.07753660687831,1
70.68562974806028,32.109603771176424,60.294249865409846,0.7668028237369254,62.24262164137704,1
59.37696286273895,38.06855634529323,70.09291853950229,0.7921649251063813,64.45242002246417,1
74.73592430635182,32.2676715075699,68.87721200612067,0.8639375625184373,57.58249361709527,0
60.80575765766197,28.779216823546758,54.68938933588464,0.8251580255693729,85.47742365060691,1
85.4993440501754,34.820435841441785,51.39597340654649,0.7480676802929519,68.44777416409254,1
62.16746707663763,35.947352444623206,61.527844428929804,0.7512809207262544,78.10872935908223,1
66.77938483794324,23.86196092431504,83.23530227242782,0.8254434364488399,80.59033591754431,1
78.1351721736967,32.98700034924929,41.41339386519149,0.9271848934826502,57.09245209586291,0
57.69135683566045,33.50586371155449,37.9871210137134,0.9693893940543366,61.684716566019006,0
72.2745993460413,28.51218248320004,62.47141261854775,0.7252382986778149,82.42358872031323,1
83.07142754282428,36.878534066558096,60.76331552784027,0.8179311722678203,58.16276758379051,0
53.92516765438772,29.249722064837368,62.60012496555612,0.730073669116863,79.69675667259256,1
71.84633858532304,30.627882267357712,63.659297968627506,0.7049777441897793,87.04961612872185,1
72.59882794248423,29.13464087858065,56.65196618047792,0.8985156047931869,71.16051865340035,0
77.81822871777311,30.077895237907338,82.34795157903123,0.8807348325899763,77.08136437259444,0
57.63049289121918,24.518624565523993,35.98644032285227,0.7489057341444658,80.25486560205675,1
56.795433869157236,22.79974558702853,47.57254462829631,0.7701438499279192,82.25198244483212,1
75.21941565616898,37.97252531612486,58.45117859776429,0.7071123260933555,59.7526668928398,1
72.96984673233186,25.76519325840836,35.35216783268749,0.9504841617083211,42.56317295879991,0
72.50492850345877,25.043038252718464,57.362183933518935,0.9924071788145654,60.09381356183698,0
73.46448209496975,19.233049431981428,84.92205248592028,0.7406378610384072,73.68781148920449,1
63.19975278421509,26.805191261552487,60.313297324439425,0.7694425641295894,62.51751928903964,1
72.32253697161003,23.38455103296251,63.460513585780255,0.9605228571840803,77.44815754301993,0
72.93072473298682,38.21007580068185,41.097528522411295,0.9779391393868555,57.84912147343319,0
62.85648581973632,35.04908544671317,50.75457887940784,0.8258882148420431,71.73720705520148,0
88.65774511144757,26.559248274111383,54.37205429514094,0.7151867416807222,49.32099024269873,1
74.73832920911788,41.26217902672154,55.23427354865649,0.7118175501078458,77.46847183224784,1
58.08696502797351,34.90882743495797,79.22465692505654,0.8721849598207031,67.28479844065129,0
76.5655360863383,28.37584308245689,68.36536591087687,0.8178685326679537,50.203219427330026,0
60.253183297726785,17.502971425632133,43.32813064594452,0.7085957282732963,54.59555867489036,1
77.87084603742451,41.45471286295371,63.697571676480074,0.874975717693767,77.43043542909162,1
81.58595579007404,23.05213766618202,67.47332622745178,0.7033907609767067,64.13006178307603,1
61.7931768164829,21.773006265215542,77.102235577819,0.9362115874447818,50.80157201965361,0
79.63376129244321,35.1128521600482,83.70811029852561,0.7919298468110114,88.36355951851488,1
74.12780926936499,42.19876203169636,44.77358712258197,0.7120774009027696,75.75625099084439,1
78.2206015999449,36.921364092552594,47.83713733184493,0.876505666294946,87.85674162698982,1
88.96792982653947,32.8195456002618,41.136332116280755,0.8193053243299164,61.35525226801716,1
67.5461188399713,32.97377170832643,56.48970211339528,0.9921401240071448,63.755017034586025,0
62.4626383564251,34.267077793901535,66.99537561669501,0.8632595987511107,84.89776080925097,1
61.10485570374477,33.79464294893383,74.81001774883653,0.7825717543111025,66.25246701226924,1
61.841897150345616,31.405957119846878,58.86073464536216,0.9128316593901924,75.36394559528335,0
69.22898290585896,30.52100551975938,55.202287151177345,0.7814476007628134,52.6086438747765,1
73.41151974816644,29.687034360502388,62.27636988373111,0.9712729874222695,62.33632343513203,0
72.7669079933002,26.23017705566662,47.472856475549655,0.8124165911522129,46.17249329051776,0
78.27183249036024,28.59662461566613,91.3430808254216,0.8649605688328615,50.299001793848085,1
70.13001891877907,21.535215929023074,35.885084593229124,0.7151719311472686,40.04717076338155,1
84.53534077157317,29.50830186602625,62.77110868343587,0.8278363713856692,41.963252582433014,0
67.35343166762044,25.057044464245415,90.35409328844459,0.9497090618982985,88.86419115884647,1
97.20169166589619,24.482053413921143,60.10199766839997,0.9416946416090026,52.117684756838116,1
76.25667347765007,30.899470755767393,57.14941447497758,0.7672955676560579,73.1655354752001,1
61.42842443583717,36.960011431723,54.63831865784359,0.7678237213031688,81.95498493998058,1
59.29107501938888,34.59158303001156,57.29412477356388,0.945191593663971,67.53302296182821,0
74.82472415243186,22.147496981884114,80.59272712014796,0.9791195260507977,47.65722500419781,0
67.7653721467415,25.051859317148313,26.822071330057398,0.7286082763819011,76.40582186680831,1
77.14000494092092,34.70385593994108,83.00150551944489,0.8350175918278675,70.01257050497915,0
74.73237624573545,25.087563032308452,38.64064271324783,0.8012362836892687,76.56252946736876,0
69.27171087343127,28.876834250014877,56.00021506148378,0.9612065366372318,78.48733114285436,0
61.532062819315954,32.75026049512276,53.56133369552008,0.7250574744040056,88.77051838423725,1
54.851527753141355,25.158277725681824,68.8282990465608,0.7633377827674112,68.6781640013355,1
65.53485047932979,30.5268775307298,36.02813472174378,0.9257405012759483,57.08205563453009,0
78.56398794323472,23.329872525408977,66.93258999122914,0.7153881546943647,72.42322784501185,1
72.14093744130204,26.99316178024393,90.36464434930278,0.8477606142142867,43.422035462131305,1
57.542612212880115,31.598909670712686,39.55238993110784,0.832632110403916,84.8698659160793,1
71.73180925851182,22.035031332341653,62.84559251415593,0.8003203536966246,45.96905056690984,0
73.85317379728836,32.202373689801995,50.070267333050865,0.8183716945956772,56.392141894290916,0
61.16142563798867,29.901811005366593,66.38830809289554,0.8589821760790699,80.78726903130604,1
71.53725105945527,32.76244977208574,60.28721666123628,0.7484102075165149,69.8656189165356,1
70.58208718446,31.119570670323306,50.37769636433536,0.8715987634850778,59.6817760138721,0
58.57029702169377,36.82070214986922,67.3180842730661,0.9416296987899959,63.671782968751074,0
73.57787360348283,30.626122513239537,87.06522164680115,0.9280482789370477,82.72736966010902,1
75.60784526368235,27.852972294373735,57.13644312409052,0.746169971408132,57.00021930299461,1
80.83051243175277,30.611487515161418,70.79636913222274,0.7447748409224422,83.48248424060856,1
80.53802052034902,32.716490145181936,40.60090563193255,0.780452310323474,44.406721548834575,1
56.22330632042909,30.24430035162852,45.65345434772987,0.8083224179023112,78.83992186043153,0
60.62174960084877,30.202958456019413,67.08609416820566,0.8225366744225447,82.37738165273682,1
75.1503526720866,26.490041560966223,82.26174042803947,0.9039091650500035,49.09088264186694,0
75.1378595091221,26.68549541224526,65.3342002317849,0.7170041296497506,61.51732661861002,1
75.15047686306048,22.986973641001534,55.30412954215269,0.7104018112678199,48.27498873318278,1
108.52731490654722,38.7478837159347,59.98937108135031,0.8175731688831727,75.33020644971089,1
75.70890510693167,23.780683823043574,41.243883990454236,0.9091491076413941,66.76738840308283,0
81.35565640180599,26.53547401102046,69.0677298953305,0.7580306028869448,71.76616733541604,1
79.54001763493203,26.40796367215401,73.23499593485114,0.8924513443768755,49.824348347810556,0
76.51391251305797,34.474621884722204,53.218645007503795,0.7779484413820899,50.587293102620976,1
66.84730755359655,28.52525160853986,52.94936778360748,0.965825832644055,42.07486627549532,0
77.58969220493267,36.23871036336867,63.98817344478073,0.968706983279985,56.103376759786485,0
62.27174785462428,26.63254687878066,53.44920395939107,0.7891861612843979,67.98723306668374,1
67.63181393259991,31.39497081111901,59.008010780612665,0.7689981261889721,82.89674569986644,1
65.14636452170896,25.823264733701215,91.49582683749773,0.8233911916198694,73.34637237293404,1
70.81874139386322,40.72574563886694,56.29461448881005,0.7721594755540446,61.76981616998757,1
93.14658566673509,24.062007904852436,54.62489771968167,0.901715152987511,87.65600571970688,1
51.32734807408252,31.549103551135136,50.286872915472614,0.9478194053644856,75.96226002879159,0
76.86260190374513,33.168884404660496,71.16287957249905,0.9019276392733651,86.5082601431275,1
53.87284128810349,32.06899548725749,57.28163740172845,0.9473051341748049,66.37939866360828,0
65.28068134210567,29.073561705611457,50.25940442517861,0.8190976486622422,52.94521373965698,0
80.88950596967366,29.35089650133287,79.81956048409518,0.7468950912126582,42.6413343182361,1
70.64280019095463,30.219057359895547,81.29404506770456,0.9213852842192776,76.30424257419253,0
59.22255222070694,29.264989991857558,50.99364651391942,0.8081423515424662,46.06514990027671,0
62.84696290740032,34.81939558397455,32.00190072959076,0.9013812475687397,55.13875641359836,0
76.79597748934675,41.05261500795676,75.11270534755383,0.7811931825945296,66.62354539419488,1
62.69633368282864,27.212541074960832,49.73055261359994,0.7243688904420018,68.22082938898738,1
72.16458589581976,23.150985102104613,71.85938398744153,0.997774538646329,70.0291598493568,0
70.45571839903813,29.558589758243727,30.448442734322466,0.7468604523791798,48.31276651748503,1
63.483996523941826,42.898546688271594,73.38896007448963,0.9965262981890444,58.98687024108244,1
91.43944089325325,25.981627160151348,41.83242106078828,0.9931839797699342,70.85971135584833,1
76.33919022318011,38.195584027220335,70.96146178599787,0.9381454311724119,88.49094323168924,1
49.74857413342393,38.388504070382204,60.21409601754651,0.8978268886245993,76.38155688498443,0
71.86454314769428,27.232058791460027,45.690908709050326,0.8733421150753253,86.1301878546979,1
63.38213535231612,32.84491539592638,53.894455306098294,0.9598304636133503,78.11060291570885,0
78.52433334796224,38.14198311564269,70.29477685435052,0.7868318564858463,69.58584844462003,1
62.07479261567299,28.104361295062564,61.58841679672852,0.840304363745463,49.60116845681723,0
68.85263558533102,28.982098199488192,68.76619470708727,0.8858169908099506,73.33428259462565,0
75.04987278980457,27.09159543025678,89.64660876773229,0.8233571427608473,71.16897829799535,0
78.65755194170121,24.926216346535668,36.53637582433423,0.8282459362270804,70.12345852286333,0
57.997035929442234,26.753612274669965,84.25818862452937,0.7990854002506252,64.48929339941203,1
66.65498764159051,23.880298666188718,61.565339062848196,0.8692695450053608,66.43283019946378,0
65.25054688839043,30.17041734129613,46.51823927515308,0.9551723584045348,56.7221263559052,0
63.46670767426288,26.15013384470679,40.04529561391515,0.7604585134018939,65.96563463211515,1
87.65454240281096,31.16892955895374,57.163194138344494,0.9803299116260324,49.877795283923916,1
74.04981710960955,22.220521768981865,73.82475167886689,0.9067262961244689,80.25871986801883,1
57.391160456649544,31.654401161072286,58.08676319433699,0.946981963804009,49.28884773493539,0
79.17861947054776,34.16764480804462,82.66732395371021,0.8668572077890034,44.24831449447332,0
91.22156197012633,20.031321787142723,38.23236464922662,0.933855010427219,61.81230131785787,1
80.32465260551147,31.87028284923786,59.81866578230918,0.7048601192018401,72.91537197530309,1
54.80630034045987,36.13834496236646,41.214098333803214,0.9455141274338605,61.88584124667707,0
65.15765927133748,23.951794906543974,65.45447823937452,0.7120416577256099,53.83770659756543,1
82.66911149186623,38.362861934188516,73.3033108514595,0.9669740129088588,67.90855919452204,0
62.92330534381219,32.095095046830224,53.6885730947842,0.997588824171593,57.35011677061,0
74.43819428146229,26.474940721207957,20.936792150592986,0.7882202386530333,86.64338450633166,1
77.74634053429337,29.72115461171147,62.98422220194742,0.7630955668857381,86.1322569801786,1
60.730695284219166,32.791634562608614,66.55107827600264,0.9296090091574122,65.11859099860477,0
69.404746439382,30.380026957062057,66.06442132442547,0.775907902276076,56.39419970091292,1
37.58732659930927,32.693779962231844,78.53673287733231,0.959668714951661,76.85662069783196,0
59.756123586657104,25.39663203460317,43.93419480526427,0.730852777647243,41.83564717415333,1
67.4743184860684,30.84680412018039,70.20324158175674,0.7377865589138074,63.738450302182564,1
57.52216818035151,22.9314275154751,77.88761268716962,0.9937454665301847,56.81616971351667,0
86.32411303931636,29.4438696932565,33.32118623990225,0.9021516694810013,86.02679425512773,1
55.69858622039367,25.480461792676053,64.79477738878465,0.9540661673286859,40.600151363634126,0
65.59955513303017,26.322350287051165,52.43730253488493,0.7972988132054554,67.64074378591745,1
71.30740577286092,36.18046587605219,58.77715990347531,0.9029451248561813,77.03317905333131,0
84.41273289066116,35.45655060297135,65.21514725307505,0.8782725481925792,64.25089937620206,0
55.6413784882056,33.045690604535885,52.691571538296714,0.8809450360368841,44.27015150813608,0
81.63163752154959,24.538436176637106,49.86437881257582,0.9047597378613165,88.62306950139511,1
70.10233061019586,28.41795775152599,60.512286262320366,0.8726077519387295,65.90052156880489,0
60.18491348952049,36.06548849989592,43.69131091705796,0.8287187107907997,70.70931221595058,0
74.6210347426327,30.708584568199523,43.712623066722216,0.782776808314164,51.830489135375366,1
71.9905969557347,41.59664769990847,70.19059924434755,0.9305743992739606,64.1749042553402,1
63.99783122841205,31.96658919697186,42.76808947262016,0.7678817290009559,61.45747459791609,1
70.69802084990019,30.960245582450156,69.99468751363818,0.9077062918463242,43.74479210009919,0
66.14686403138239,28.454417678987493,66.93886939280927,0.7699998467947979,45.308017677373364,1
71.13517345251248,30.66770452391141,34.11289906814105,0.8875990509863362,81.87362598093873,1
76.62130674521046,29.23765081809728,49.83653021496517,0.9241234801387086,51.990997610329515,0
85.86016816145352,33.54054338344295,77.91164104571058,0.7656141666719617,49.74791357493153,1
57.62184501173151,34.783511583972924,45.28251703290478,0.7179829902583924,65.24557256250696,1
91.33033374656267,26.070052697460252,53.033936065359185,0.7392921228982522,78.43735656812564,1
50.47912200477498,23.34383523221111,66.93091339877844,0.8817990901813076,43.097325928949395,0
68.48214904964416,20.818973134483517,71.75085763923893,0.9548339218677206,68.84039598191279,0
75.88317206484577,32.53995663456272,56.22691670933256,0.7134990463706272,45.960522142028665,1
72.80991867735032,24.483166969130632,51.03734707962538,0.9202453777124939,41.82305254128092,0
63.77300480179406,19.235547035237587,81.33554792547761,0.8023955937850156,42.63719760811087,0
67.91877749642725,31.942893022654822,86.08349495696368,0.8435585109758568,81.70820541042207,1
65.06999065341168,42.46499758716395,74.68287076172693,0.9786578649536697,45.89862418140308,1
64.10635243055789,29.969645442300532,61.27977213847536,0.7995914514207536,42.2575682206146,1
78.49602097021025,34.19245387225821,47.8760141753861,0.8396010801818458,61.89499435714561,0
73.57015485965047,30.409146792737825,47.54333390165152,0.7041047244282043,82.19967359710124,1
63.070904047393455,29.505551734044285,67.83771157898636,0.7244796160014515,53.1204188244651,1
78.9959987543325,34.59538241493884,66.27597331333025,0.7775774773404351,61.085630876295824,1
73.07299520876609,28.548627279056742,81.02397889419645,0.7083556722463222,41.99612662818756,1
78.1286211883896,31.336961570359513,69.75675138804209,0.8894125978144752,62.45392570674379,0
76.29628841923612,31.608489030980067,37.45379547360273,0.8279195070404868,68.88065403185668,0
61.710049890779274,26.659547731784755,75.77921426584378,0.8644435608184066,68.54535268760723,0
64.3981895980303,34.960211747682614,45.02909059028381,0.7523941557688988,56.62133460871826,1
77.47293605123262,29.125201216522957,54.24043092071473,0.7887796088309849,55.776659033156776,1
76.10370265433465,26.221274202535778,63.75300309377542,0.8991473424558175,45.331180946829896,0
69.79098406035853,32.68254921785202,89.93501234675946,0.9895908170891199,58.33991603231342,0
71.17327383308782,25.507660091044812,106.64877834008041,0.7151250320806627,44.97473344364823,1
82.77664895788425,30.140905786845643,69.10084588704274,0.9671152962565799,78.32979723560258,0
64.0842861116417,29.95440501677898,57.25205071919418,0.8730643603933625,88.31371488740929,1
75.47097381170038,35.42947782915789,68.01758472720826,0.8691758700266871,88.50372283333535,1
67.97807347566106,32.373491164399766,73.31483138810754,0.850083560562328,83.25355496876969,1
67.82318796772779,29.87486520627428,55.189985616642126,0.720818225771255,70.03960746698095,1
80.9877685198719,34.08883149600143,86.92817033868484,0.7269630555208482,75.043284862194,1
78.2541634898803,36.951037745086566,63.45106138787103,0.8802736016977258,54.26029013402071,0
78.13509636000639,32.78905153175931,67.46614633637091,0.8022875714306674,71.53852100863104,0
83.05478807154329,30.051763099216902,69.98886378081693,0.9751804199733042,62.78247747199387,0
70.21003841632759,23.4408188382492,66.32379915921683,0.8219771612078417,64.10086698884663,0
76.81952971294965,24.674431684623137,72.58410750704418,0.7429844376107922,77.88882801875789,1
66.89733243406543,28.47387647822666,50.741202201796156,0.9144156500506108,54.09591777986258,0
73.24166352488442,26.952438989203586,51.62547369080954,0.7880060264323029,55.90198058472599,1
68.69856945632316,29.06514348507277,43.497686505424575,0.8576410922067679,86.23208955643183,1
70.96995964992718,30.283249624485535,66.59251845930339,0.909349835651551,42.811214742548614,0
75.95157025436913,32.64846377178365,71.6840475526817,0.9700792333606212,64.28171492066701,0
61.81779316766527,29.647506109704544,66.86659299227829,0.9376573584405028,85.64004002039309,1
90.9238727568546,32.43250821913101,85.11738650021306,0.9029083203618172,70.51815039090785,1
59.93982618500298,30.3223720740506,59.9160597175643,0.903889954718543,67.32035371060661,0
57.85811387212268,20.12266716823064,70.03112483388769,0.983777393209626,52.48720896146776,0
81.58110873500068,25.303323030906228,43.624486857910284,0.7887472292489608,57.163774453222416,1
77.91662693962935,29.279562221391924,54.193504462883986,0.7003336282588561,82.60242079023465,1
76.24119817052156,23.95152628579446,70.43306636348666,0.7815863678194596,67.96090658842292,1
76.2834550926428,32.999643649981024,72.73653166114715,0.7653674138880232,65.737109687839,1
69.87753227153085,37.65375416171849,55.59049578503726,0.8985503755341995,44.97898567700145,0
61.02745628514168,36.09380925848659,58.926011222129,0.8901134799296587,40.801407822756154,0
70.75804558193727,28.93278564534896,37.231893799787855,0.8780384148114171,88.18425943435246,1
63.22838288487888,37.45363068424976,54.64456198790086,0.7048730329628361,58.84930836434208,1
79.7511973341775,30.743337286010558,73.35574745279679,0.9186334163351942,70.16065310497521,0
68.52942618497862,28.314570144409803,68.6280752415985,0.7970591237456475,43.98575365936425,1
61.745028032074885,26.9329866822953,67.50998582071814,0.8995167967019893,74.15571428615232,0
66.78614158347007,28.487651567559357,60.746605307714404,0.8669735285506459,86.62833543529806,1
74.12931454275625,28.059115907293858,60.105947379422645,0.8028192776283721,68.78326264987098,0
64.36275447196026,30.85208111187744,50.09518290789829,0.7403728801312323,46.30576611877053,1
61.77779604433569,30.802869905249324,70.48242630303803,0.7283256692981442,69.08607637367383,1
72.43687211491913,30.015230100767074,66.31459416584084,0.9494554999336671,78.31736065523262,0
72.44966571108722,32.18469084873175,67.380282719892,0.9755192626244674,60.32082682870093,0
64.9305682462887,35.95323137393171,52.10947735998629,0.8949364140292899,83.99188739707338,1
65.28961694381677,34.74777067720662,27.699856201931333,0.731030234458145,72.43414766786822,1
72.32049937357637,22.575510157750482,76.45729067630543,0.8206081650664722,84.96244591446012,1
55.51915658502676,17.230394325490224,52.81743815987394,0.9186817600315471,71.17526556236686,0
55.92536225623445,34.67159955619637,47.058363539353195,0.9339462652030204,46.56439860024121,0
62.81555778747564,23.165606507922895,70.4021836787099,0.7354655866873265,55.48458555525946,1
67.86552848288153,28.87617299053658,54.11981040121306,0.7000092156536147,50.08974741262284,1
73.10907565598005,24.149434869703203,75.89904576069932,0.9136411137641816,85.44132488584312,1
84.75356216949552,20.9900978120999,69.25508924365046,0.8069788527958617,78.02000336437413,0
78.5765962320202,32.70731364102394,70.25353984800716,0.7763443994854781,73.81991844550029,1
68.40061470036574,33.79577580151324,39.51066433199199,0.7038692409368575,55.048315981581084,1
69.80983792097311,27.1174479963664,78.179159780796,0.8620898220284499,49.202238602510675,0
59.97470635362191,17.04478853927545,63.91875796850784,0.9553452206277946,77.8225543994456,0
69.8148686400761,27.268777758737585,54.460842911306955,0.9872894938817764,63.707897293953984,0
67.11341361079862,31.959020027012734,62.15082701013377,0.8697234851839868,51.28947760753145,0
73.22718560338089,22.605442156129357,33.356471506525196,0.8543383983219682,70.83109890826375,0
61.727690564476774,30.91679959889578,66.12979217221006,0.7255169156467723,42.0166926069226,1
75.19346514241172,29.923450754135022,44.559427377268925,0.8646618404627799,56.30851270641267,0
85.32738913002578,32.89645749800544,39.70994571234698,0.8139937236896184,63.42784972955673,1
68.91239851543142,30.597901842070765,37.16461220673163,0.882140584265073,47.397916705470294,0
74.01711722098942,25.13465529559222,76.69032562484888,0.816617904362964,89.23272387954198,1
76.90143991711112,35.982857508322454,50.561049094608165,0.77208973703511,50.45486822948071,1
65.98779528114164,29.20735213486515,83.00591564874749,0.7284895825685129,46.51765650216328,1
72.24092481810416,29.86347730245034,51.96297805421553,0.7944755333766687,50.17674369434482,1
70.12592400781794,25.333660204634022,34.3896306361058,0.7289934502863257,78.45305665798621,1
70.97676098548831,27.783588744042447,43.25213340077011,0.7530690852471952,61.27528296359214,1
62.26990216144534,25.575986429865495,78.53717430010408,0.9962008475738637,68.27079698762691,0
70.24510174258943,29.135269700382885,57.66152733094999,0.8332310670719856,41.050457849318036,0
74.9799829124545,38.558542400711715,51.77569055264099,0.8595615299515049,41.72156542866573,0
84.51143607795042,23.140494285343216,62.40027338779181,0.9620855586211645,62.29127749135081,0
79.59270826085206,21.932193010616295,67.52674104251318,0.9986706701472063,80.83276216008117,1
91.53182457511556,37.35585163746804,76.76098223853691,0.8748143348034044,84.26194393537827,1
62.326524371119504,28.95338161424067,81.7274884483939,0.9437421463132515,44.33532837978201,0
78.72320636720679,26.654636306700418,54.60347031316371,0.7980823073010026,66.91815510505114,1
71.83342005738352,35.199523436980385,40.10928470876942,0.7917231872341873,85.66148431396353,1
91.89802933217672,26.97192230131568,53.79802258315086,0.820811116298368,59.39863771989432,1
61.91701714644849,39.13004856773468,63.90420759874329,0.9017521788020947,81.47829157141842,1
61.602781578192236,33.38962935669635,45.54361610684084,0.9046575067765297,46.68478271997181,0
64.00607354555977,27.560442959271487,45.642736276574354,0.7945718303948353,86.76972448338994,1
48.76104275690193,40.786541066327516,65.15681822324828,0.7399629772409886,77.57116587656513,1
64.74244978319238,26.97142538498331,59.270214726443236,0.8897188769396526,87.06671963934508,1
62.40867338446302,33.71047686004653,60.4919549311738,0.7384977586566294,73.83086167762532,1
71.50393786476208,31.49646290203246,48.62256997949896,0.873547752468799,58.17019659997135,0
73.4175597577716,36.50870644699399,56.54398928691349,0.9080266384168927,86.90905862623612,1
88.76170839215887,37.807555983634266,46.136502835975435,0.9101834489183355,53.77833881545892,1
79.5042383818605,30.160020745328833,73.3529761668718,0.926041633197879,56.60862610308663,0
64.23096344337597,26.232910648269083,75.52874002085629,0.9618578264696993,75.04042090008701,0
61.01585328651642,32.29986071469558,32.307182066428595,0.8499876975894365,78.26581497626931,0
74.91919171506505,26.61142315123947,46.05733709711385,0.9190747568588713,86.47017419245769,1
56.797667929793576,40.066936237633115,37.55206117364881,0.885751820609751,50.24012045281047,1
88.31458765854353,30.682676655413687,50.249640983896526,0.7559919819393047,79.8999017609612,1
81.79440120721287,28.173392243439455,58.748430453144586,0.7077068934608224,76.92730266984817,1
65.30824347895295,30.923401529324543,38.255321704522046,0.7853624157030801,43.18972781267989,1
52.868654709091224,23.264368552351517,46.1721028031203,0.8329101119012858,59.36115706051035,0
83.53872374165412,25.141929807446743,44.94063941877752,0.8851317833285969,54.13827285300493,0
68.85460154747382,36.00206953972213,63.10900994098416,0.9549877991509617,55.22452121770152,0
82.37816311973462,26.71552860514302,61.04016505554375,0.7588737150118496,89.14734397773503,1
54.05572341205633,24.7654450865903,49.1739366999412,0.737664936969543,72.1388706739964,1
64.00624977046228,32.68326376263643,62.65231308209097,0.9890439842422982,75.88380788967498,0
70.05243699718183,35.928520773314986,51.79979873119102,0.7324133678129221,88.83088186575046,1
70.46980593764742,33.594766553325336,55.9251733451092,0.8435473210321567,58.86008912288193,0
65.49934528520757,34.98023842902908,85.10178135447805,0.8756691186379906,80.0920084226403,1
76.22849932347499,26.216024557152696,80.10691577685522,0.8624123262722314,61.72654816522477,0
59.32379570617405,22.89094666629078,40.506281446086035,0.7258096471098829,83.47668359074899,1
68.57620514978707,37.506668259777435,72.44598626818762,0.7171080742010858,49.03287706556516,1
71.20295631711899,28.38660080578932,72.17094831737388,0.7316450282383107,87.38430885321398,1
75.14438834058748,28.745834917724764,42.776050668710724,0.8756763051617837,50.93858542054399,0
77.11614878088889,36.64097070924529,72.2816646563229,0.8633034662902963,56.311025349046574,0
58.75357908162131,32.7811500470033,83.06897877618829,0.7701222376110233,77.80961170533902,1
54.65885829264378,32.279438860408035,43.16182790633379,0.8913322425536775,59.68775707827034,0
82.7767682189851,40.825011724505416,46.237457684786044,0.9460202506166948,70.41056883832233,1
73.32314011979592,26.782408848099287,75.26492200265254,0.7124736879539781,62.22867505347142,1
62.51513463443446,34.63920064040619,64.07242966238472,0.8494389830644127,77.1184968544891,0
85.51151975522524,30.285065624485423,68.27214412859286,0.9067931236308071,51.41656261843055,1
71.15674634292859,31.342961394316283,65.10883824600745,0.7756935781209061,42.92289936184385,1
81.79297184063826,37.64234213206266,65.86043881392216,0.7923312715879447,54.99646987365331,1
70.67518481410109,32.53917878144812,40.102918075333754,0.8840913708968151,63.715433243421515,0
90.60747924881987,32.69148039524816,75.70976559932173,0.969380588033121,48.40100260963393,1
87.55340842443204,35.362536686549014,77.54384988641661,0.9429773260908698,57.739864482819435,1
67.51035851520926,28.175236352285573,56.559138838979585,0.874939065729875,59.999150914678424,0
79.71570950954356,25.803951663304968,59.34784575279206,0.9190665153271748,42.869592184413676,0
76.45375949585147,24.775954029894834,37.03338746166417,0.8094467410623396,69.16536240921023,0
83.68631557532349,20.16821705311999,67.71382134026753,0.8922896584296273,84.21717139856437,1
60.35076539419896,40.28103564970161,68.58086162571216,0.839854477338267,47.58714564765262,1
76.8605145999844,24.483958171391585,59.067134745010335,0.7569808409372683,69.8904006700757,1
80.58424486849587,28.89373188207114,76.86530039805754,0.9105214821631771,73.23696024554232,0
52.41260513576886,28.615933500555396,54.98884153530089,0.8669393912046466,60.96673402096442,0
58.16741487334225,31.537033489045506,68.469088888404,0.8075864745860774,75.0548793682135,0
49.607678222398995,34.078686062696484,44.705034919618264,0.9734017570235892,60.5365771745506,0
67.30593165555442,34.30236744179873,59.64671773688643,0.70628023534802,65.23186439887175,1
77.17542255795962,27.08461280715531,57.384686131457464,0.7947319453748488,40.36765222772135,1
85.02357052096028,29.164391431067944,63.37961883061412,0.7170644193332939,74.58600570673444,1
70.74094780419775,31.412899752441497,54.45709606749962,0.9299581948664881,73.06713394723621,0
86.28615545571292,28.756544369082263,58.027911064924986,0.9106322362341378,41.92004386631723,1
56.198985417851084,38.03672788009996,72.3907075716226,0.7994056656208951,58.41250536975666,1
52.96617560644845,32.45487475819126,53.44853644142674,0.902698870662122,88.95159203958337,1
69.44452301103381,33.67438893024909,35.90134348891981,0.818781167858785,61.03682812843084,0
73.84065448939307,33.31440634333706,86.24375856308131,0.9268761374267303,65.09727025659208,0
69.67305251905907,35.86736928742663,80.72181118035729,0.8362550988210118,85.49650790798593,1
49.325578999601234,30.905107793518535,40.616059573415725,0.8236839183494996,75.86309379328782,0
69.10879960487212,23.515840260220767,70.34561707867792,0.9804189746464903,69.10350655621119,0
56.95530499495147,31.998439758763208,52.455378441729856,0.77526372996721,79.89023406705363,1
76.69672548830039,26.743215531040853,63.952308229965894,0.7361342019989696,83.21831332279866,1
73.66598246096848,27.356916591251217,64.4133619352024,0.8753629339778375,62.84440358686334,0
60.60120213672645,32.931820093775464,56.48388299525517,0.9907965436852537,63.75541824659177,0
64.86133082663306,36.19141535716818,48.24351501620406,0.813351764118156,59.30254678259179,0
59.40786478111048,30.106357883680307,49.64188421525611,0.7186110290886344,88.33530700092302,1
69.37320902726829,31.544165062994818,46.257121267781365,0.8017915801928702,74.85831271451752,0
79.55142320501238,38.51107472317619,47.522666876543326,0.8517794962958676,44.16115331040361,0
60.14273953664456,31.203765897442842,58.99232564925967,0.7485769019896641,83.14798116565092,1
75.04046515517844,43.008415570901974,49.26360016333872,0.8974306654169476,64.0279970418134,1
64.69742381627559,32.827548228157724,70.2307809856893,0.9993248167030602,43.43769532112437,0
62.07127167737656,21.19618620422091,82.30869233003891,0.8355218427944331,67.48586275816555,0
68.92969640045442,33.76670810552266,51.29920137944936,0.8064185670190638,60.85821394878511,0
59.64757677580626,31.90579192441389,63.591067508030655,0.82021125005034,83.88747024313125,1
64.46350694652818,36.44876377041373,67.495276654544,0.7345438535185603,50.199730180469366,1
58.021221074111516,33.365906756349794,67.08003406378911,0.9649820804278672,81.32323047460915,1
89.6472513291639,29.307720080081133,61.139329018741314,0.8244476966564056,67.88443455927263,1
70.35263551971728,23.878508818553172,71.14023627539584,0.8161823234274523,42.730515160673455,0
63.00274492007414,28.954883713569874,67.23373429020985,0.8979070818791423,88.59226506627422,1
72.13979910734221,25.7473977289535,41.43506366509053,0.832610026279337,65.63076220516,0
68.8767195030917,27.097382750976386,73.03734096583909,0.8944700406423538,54.543842711579124,0
67.79030400466777,32.942892022103045,73.30936255900113,0.7184338870392362,63.470342099462904,1
76.14166700043425,38.34952252175703,48.550708437321276,0.9441170031166682,82.89288917587444,1
77.57507710047305,31.973357649114906,60.56906753171403,0.9821511858638208,55.245156219253175,0
64.69498852389472,24.020584689824076,70.24993489216604,0.8946296158478158,49.63381982433501,0
64.2418175935532,32.2230133411007,56.86029270630958,0.9863697786576433,46.453562346544075,0
67.24948302848355,35.98315743322826,76.09467071649019,0.7454296943109889,54.89296991951056,1
46.980788352644154,26.95108547840309,95.45808741929042,0.8432248568441061,79.00240435200217,1
54.84808937801448,29.32991416663541,48.210209510475266,0.8805420201836341,63.58131825976308,0
83.66874267444524,30.073440973645987,39.28433095269338,0.874520994226356,51.374080184677,0
86.44967713501283,26.075508434588798,64.55727893407314,0.8204385337267129,48.30924998048746,1
67.50963960443622,33.2414021692193,70.82343757689215,0.8014253228098784,56.636473825518955,0
75.76556963055766,29.395259256961094,56.53700439232846,0.7380472067651256,86.99621864428545,1
73.11250154543536,32.09766221953514,81.79890994981551,0.8175227351686835,57.15133562950122,0
100.78880808455239,25.562539110989498,39.92091300415127,0.7487982445316455,89.40620379773176,1
81.19574911434577,27.812708498382946,70.39377934547417,0.9203097029476655,64.26152278826781,0
68.72082408519233,33.61190678913886,50.9120876886166,0.762649280648377,48.95819591450754,1
60.44459559399574,28.135834239541165,85.79066859310944,0.7175695915853602,84.55700458967547,1
53.93553679742428,38.63481925616703,89.88773029752177,0.8657098413451703,63.017768656741346,0
72.03463635867223,28.001819071926988,48.500151183249784,0.8785689198158204,75.48356717522623,0
62.436492547156966,31.12342362875943,51.7566429613713,0.9615739183841516,89.18557916045759,1
55.77746290402326,34.66295415936545,72.89381830469702,0.8730944837253045,42.5087675159987,0
63.534271157574736,22.908171335334842,54.19304025315728,0.8036442561170337,44.83472798937836,0
59.18451996385605,21.19595594009612,59.318831731016424,0.9409035644578961,76.02283707313781,0
86.87141635072564,22.371718427149524,60.38082630813615,0.8620836679562263,54.0912501647736,1
78.81639756949451,36.31292051713591,31.204902657035156,0.7237840853893575,49.21506984750495,1
69.92027358683383,27.240709270537767,59.79243380858644,0.869755168093974,41.968093990986475,0
84.79944138890026,42.79099642834126,49.654083389037396,0.9724055636264988,41.09233559931009,1
70.77368307647619,27.178762006713058,52.60315766400342,0.8188937876494662,78.72428015598955,0
61.38715798671736,30.922756515985185,81.65448005203221,0.78889774056994,46.7216713684775,1
85.23124077269657,37.71054976283938,41.152396585811154,0.743040837105406,63.38603079855754,1
75.38910043684659,40.03046444079561,72.19807780121965,0.7454336565806071,70.29484075897415,1
59.62753845673544,40.30751788318199,55.81555604502287,0.8298314453025456,61.41759002844231,1
68.09661321916391,36.04183115296571,55.80359747256249,0.8787039472484588,41.35533261681166,0
61.24381746615243,35.12031262905731,71.85557844077567,0.7241846215508805,79.17507512939545,1
56.172002690356635,32.96263474600592,65.10076941853336,0.9818705767075497,40.52566122708267,0
79.26177547531641,33.89180538083319,68.55919495829296,0.9265400852335588,78.0944947188742,0
89.0941664047013,27.244071418357333,74.52276990799291,0.8759871754850987,84.66522468940613,1
56.01432426180859,25.909005582888465,55.030374252250155,0.9485316012816972,61.641996052858616,0
75.62969236690572,29.98312771294524,50.81644898238375,0.7240560270436339,66.77712365488992,1
63.49357430878173,29.149076887375358,43.72274210163303,0.8430516633199373,63.849169630882685,0
65.12874616235304,27.733859753363625,47.61884205031567,0.889027938058499,59.46043093117194,0
64.07606075761132,33.481937237283574,104.23641637963088,0.9485958718354868,84.37122676851801,1
61.36009230320184,34.77652604285255,78.67019371105181,0.9350408680147804,84.69667553349953,1
70.48521627944827,30.442034431459238,39.733884506879676,0.7831207749140199,56.79081823207673,1
61.69049883588962,37.38765040527631,40.16313064884645,0.9822640508677614,70.7534877007349,0
72.70456825779839,24.291554429332475,67.22799092577738,0.737303752429261,86.34537810729321,1
69.49761890550863,29.03170270360141,68.2089719606695,0.9625400855863456,88.10292494706758,1
67.6105195313359,26.415888396985977,68.23325752976046,0.9912820748813855,65.44795202110238,0
60.92436337958402,20.6673169146347,56.175663096694535,0.7531460569667876,62.641240264216336,1
64.23228669431667,29.586596570786504,58.118186099956496,0.9166198192611356,53.93471579642629,0
77.55391225825755,29.39126245808358,64.91819286239036,0.7120856556333995,87.9435936595205,1
75.00917187624381,37.567248716210656,61.28839509439996,0.8216268475417464,47.14071522364337,0
60.22444755201449,33.154058422773886,26.71049440878697,0.8548849897593022,68.99147880238625,0
70.99332305429226,24.879065878353977,56.553005541372094,0.8741935677728903,54.12751337593194,0
77.5138712337179,39.27046283167094,47.2289034860953,0.9807811744745678,53.95041451738983,0
53.305947188786284,36.10516847762676,62.62817128362768,0.9016752061882584,60.248429368809425,0
75.43360192379934,32.910488517343076,104.77888503905115,0.8443833853657711,89.93964679078272,1
63.37376241054153,28.86757950575084,65.51222498211456,0.9429025108797668,42.7483153419911,0
75.70598668593159,25.202803816382602,55.297054707414034,0.9851598462863227,68.92709091017657,0
62.367408434574834,28.138966119644735,73.82702252965878,0.7066198446046872,44.12860790176386,1
51.95117899335481,35.443743098520926,67.24031830813819,0.9947563816768117,47.72604149952595,0
53.72457562116837,39.42293152967304,66.30141735677762,0.7258396417191041,61.97814708864493,1
70.48084946661382,37.71621764136094,69.10275889823507,0.9443160337806284,65.52300656732206,0
72.59722501721483,27.55575289106863,90.84815347244312,0.7841004257654237,52.9396204182262,1
60.956833748955916,24.401912833554945,43.03667347011127,0.7396538973261615,55.82285654372081,1
76.38592458777374,30.70443123455602,67.10448115217181,0.8319566919141504,44.348351012796655,0
53.3847993773104,21.157803172185744,46.10428305027692,0.893186973834284,55.160989192212526,0
69.33920201352683,31.615838570923906,68.33268969513372,0.8142855535070425,88.3279219690272,1
57.889838002375434,29.261987068506656,46.21970232770858,0.7163696224848096,87.23536908362408,1
63.48163892197841,27.66981749065879,53.73949779592373,0.879838341897615,56.74391450684925,0
70.47398671316414,22.02648466366602,55.57365128643141,0.9707209828332024,68.54269681393808,0
61.39586634716048,32.568000532848586,74.63725079017064,0.8149646097841755,85.47976955554722,1
66.15444455770175,27.336495801690443,73.7768166591362,0.764899833289248,40.30919113204483,1
80.0629280921444,24.15041582144856,41.31423935330423,0.8327732037798445,80.53417851687959,1
64.23108130476851,15.638688933591753,60.824011664997734,0.7145088133146342,87.41847763944594,1
78.35692112065142,29.862425474746818,49.35630217876241,0.9461462753440825,44.56628671667785,0
58.702931453423815,38.86125798334872,41.12242633986998,0.947902243285056,48.07238430164605,0
75.29804177915283,38.30629607273935,56.74474424363444,0.8764001390288885,88.03731513856778,1
84.41568620657901,27.714518717068643,55.3727581731627,0.8059308666815168,66.87700718201731,0
45.283554998727105,26.988939698191096,96.40074729518284,0.939935009333735,40.709831723586184,1
62.03104744529523,32.34387128037512,66.49439738041045,0.8664061074365101,52.88159993817646,0
75.7707212718054,25.008072804058543,39.33573748868644,0.9477796925650048,62.49718371344298,0
67.96954613957007,31.50895949909733,51.52838993743587,0.8894376377749061,74.64544555123838,0
73.71145873371309,33.83040139192345,75.32074943144097,0.9353216419638392,76.65801890683997,0
63.960148132841795,36.13466611942154,91.32664159304888,0.879568897965328,89.7710756462728,1
70.865897874729,29.499229617600236,36.210250316430624,0.8242423204646998,54.37555996918795,0
68.44322764607921,28.98163124911517,31.801134222914325,0.9873837579778413,66.91100509342377,0
81.67782061659807,25.610087066217194,88.06447763057673,0.8623341474636534,66.66617739298025,0
72.54420843301213,25.8655982298007,65.84421266056356,0.8815268555621615,60.28226297236188,0
73.37602662075201,28.867605540492367,46.9756090218545,0.7661462918244247,48.45809469212101,1
65.88123033877532,31.83682753408089,68.01943629183653,0.887695236828183,88.87282815919212,1
65.12393775927507,34.567923131166246,20.463783914746834,0.8714822948448832,82.66585933332931,1
65.6744181218038,25.984105246598276,60.050632598957414,0.7554515193841075,64.91665141471186,1
73.94452142378297,37.46344284479761,64.91731759264628,0.7178761292059431,70.16227113420149,1
65.79015519179737,28.644381994787157,73.86405209306744,0.8813077959144313,51.36305267798311,0
72.89774856896413,29.89316352825782,44.791560715611936,0.9291076808050962,67.18935351958734,0
90.75400798645438,26.263941604260882,61.28530742105038,0.8570204112766024,74.7485066560738,1
78.71124703431693,17.878798698635293,46.11863060910619,0.7680317875958936,65.75835141932944,1
66.73976467832159,34.42022698180525,63.830756335114756,0.8999565930079104,89.51425852924706,1
82.01213922163944,33.684219485462165,46.56980516455464,0.7240317179828807,70.5670828123863,1
65.91924626978448,28.593362214408934,53.87848741259669,0.8325501114405863,58.54868562960846,0
49.61875464822146,30.33495358612436,45.062769078146566,0.7490100275195261,78.6076013807919,1
59.91913689082596,32.5796960885205,69.76704362735485,0.755337715317965,48.523125579082105,1
51.29208078974145,22.187270715567287,72.87676674984998,0.760688184747461,59.22579068531333,1
66.48486515958692,27.354736613268525,56.480691450638794,0.8160121171131933,57.347947518879295,0
70.18418379189552,33.971323398109135,60.573569924400424,0.7153450616861192,61.59035475538886,1
86.76437312275283,23.728552884153753,38.27112878049684,0.8193380322787294,79.08899129643632,1
73.26927373764163,31.467789660833148,55.50485027989819,0.8535122341344102,64.20865160817037,0
67.80899471191135,23.217090976882975,59.24693074437383,0.8449882854898976,79.70072251329813,0
78.2940558118349,32.33214991216763,99.31189636544963,0.8148352301209121,68.82444515699329,1
47.88864690992115,29.821792588512583,43.320494613387545,0.9517439824212257,57.103471732877765,0
72.35614558108566,21.924340920472453,81.96265858128656,0.7435980077261511,80.49893718417363,1
77.70865193886966,35.82369677228586,74.95288160198712,0.8517090231344122,51.91448352765458,0
55.214137542201584,26.327042116009753,64.20954606735205,0.7186124250869662,51.219148989989776,1
81.43754043206928,25.948737814928094,86.379307262927,0.7213467036633728,65.2251462027418,1
73.38496407494414,31.002845986154714,65.58158208910294,0.8721597549031289,53.04246229810445,0
65.84712086099199,35.743186747143575,65.83738793501894,0.8698055274663463,40.454351747560814,0
76.32781866106285,24.920890905108017,59.20319020473682,0.9634100538533371,72.41487636494008,0
92.70692857804396,30.30839924923986,78.35353323627942,0.8673621026980219,65.55469107361989,1
71.81866255058495,32.14408250165287,76.44703850716326,0.9879373061214551,62.275890724658055,0
72.48220586300336,33.46552803631572,50.614840687556814,0.7146084545199789,88.34842573091576,1
65.40639100459757,30.882207776386124,40.211292081018485,0.7294023054342222,68.55995919814569,1
61.50155630535208,28.164860804583387,56.955290439065145,0.7132197584711144,83.17157888946923,1
78.30335816544246,25.862048896756402,47.99942153403531,0.755583055100062,46.97251181025801,1
61.43916174091133,30.430719415231874,59.04713138076967,0.8623810332825034,68.46032315647139,0
70.71566237219392,24.639304940071966,78.56157202026209,0.8936716544282284,83.39898133654515,1
65.22342553234883,15.393247582526964,53.14047517369815,0.7136755473846006,69.1552878639949,1
74.78979825746391,32.18279902078834,59.35764928032638,0.9837912669536798,75.90070890635008,0
73.33662105286949,34.519674205430974,60.87034102212593,0.9526496129951143,58.60217839061037,0
80.375399442579,18.18533782229081,72.72646323307927,0.788983744647128,44.62247585185333,1
64.89983601145254,24.95134647645031,26.29665999023092,0.7231562590679403,62.895014756353575,1
67.30125064706628,33.09577130502599,50.89949557852055,0.7509661219657171,59.72396954194288,1
60.21236284217693,40.2874773485585,63.16925538419209,0.7380833241264918,83.35300911894737,1
65.55706739923889,30.10396853837704,78.00118434640292,0.736985133789684,52.19976511762361,1
73.77300493044852,26.35998529385433,52.621463287406925,0.8555685065997202,88.3367113767554,1
77.56988616645351,29.0855177944758,31.85170940937189,0.77375423274802,87.9069059902248,1
60.77834675822375,36.87438209574093,69.29567168949204,0.8074419149587433,52.381582153571934,0
78.6960592010566,26.770179104377323,50.46956416761556,0.9968516000152967,57.40259777386602,0
83.55637858804951,26.00403996674873,42.155000113644576,0.9052942746776034,84.77778704369425,1
74.13434903223701,27.58628238908984,50.63481915430164,0.9846942001141004,88.33111104480537,1
88.76795812558066,25.233356958706437,57.232119635162256,0.7427669665099347,62.1719551418022,1
62.26210800896427,30.613351579973976,50.92883003192681,0.8146418424497708,56.049852282044895,0
57.55345296688583,38.1233922923478,26.916509143513963,0.8664195409847062,66.3047006625771,0
52.212797510957216,31.615396365580146,73.45599295330697,0.7230274185666213,74.38846031828675,1
84.96044311489183,28.738232489368563,79.12312561918083,0.7012562330883874,53.673725768748994,1
76.54365656354058,28.54094365542228,69.77282987009258,0.9011303001390752,76.82365873095364,0
69.44415329089544,22.184045956516716,42.93471494362775,0.8925458550404306,42.582867855732054,0
72.7996862631982,34.415548885735795,56.97762699078723,0.8232366429998835,42.46472463822082,0
58.74510952701623,29.61081401493599,59.90218027155813,0.8468932228096098,59.314385257277266,0
94.45751979616827,29.09760043204687,68.98191584342865,0.8246329001776269,57.67365960303603,1
71.29221181975228,45.965537839224304,70.02510733077122,0.7072015134534666,55.78166076835761,1
71.09394794604893,31.49376454182843,48.987393018322564,0.8006114818652387,64.5509881334455,0
77.25766623898691,26.24104474952408,61.22993334620341,0.7531246766191869,56.036679115578565,1
74.81009231736714,27.868212018972283,66.85920606922862,0.7295272567304106,49.612895923404594,1
72.23884024279131,35.74222854598378,81.83733483220149,0.987016130166805,55.473477454430046,0
62.09525544554688,30.56635205268882,70.56759809737085,0.8798079175126496,88.74521364051175,1
74.71468357135996,22.808610108413166,71.83585031063278,0.9185968852709808,60.55567084974243,0
88.82024496475034,34.596144672876015,61.257399418940416,0.7946091229798352,62.235638842916785,1
83.45420046154977,26.65927957230503,81.15688717805256,0.8179441388482045,68.827249497557,0
85.93186626639397,39.366488881087726,66.14644193939246,0.771077198169017,89.16703842071132,1
64.88784323568815,35.40024032857324,47.08368134739644,0.7290897012896274,52.08006382178815,1
60.10395179741419,27.763390521706246,81.05054955187786,0.7537094912324751,74.06410552662169,1
68.74213079900352,36.40508180867556,70.46854908808541,0.9392542135889457,75.7992346770862,0
70.55724912288694,30.339277552637018,53.354339683072766,0.9032637415551328,70.3662208396533,0
80.94191518470949,34.263868375611096,52.80760548901135,0.864078662795643,44.4289169818322,0
53.07535370285181,32.42366408647237,64.44863317711143,0.8425269618600304,73.84361379137883,0
85.29550319460614,25.768216725045633,66.94777192901377,0.9767302850968373,43.204735551808774,1
68.4199210142101,26.78225083841269,62.9593839844681,0.7218204843336005,69.80713247749485,1
65.7311893005258,35.14980408790581,64.66963010164328,0.7841802439713748,76.97905886108714,1
59.87895624739832,28.326123339467294,85.49936061864571,0.8049813560712142,50.54849453099752,0
53.451433281342304,27.981757683790015,76.07314728352328,0.9347277436638364,82.08110037713871,1
78.23170583961914,25.224387103253235,62.85953386897536,0.9977543860485913,41.517690276650214,0
70.73317967188405,32.11799532796731,74.11965871151224,0.7722011544271459,82.1906431829153,1
57.10039100258946,40.31262459621573,44.512141447086904,0.9622922002411242,63.01645253213825,1
57.04921227936384,24.662335428728635,65.96890574920214,0.9491868281295374,50.87939699658222,0
66.64215300709871,30.12109728336379,87.13959524599665,0.7673972192925299,46.6889072496984,1
86.69021525289392,37.061102777077146,56.729311569114394,0.8197997740597668,87.66535837911863,1
67.40408648636395,29.601793043771423,47.28549107071373,0.8229018607877557,43.63327937905784,0
54.96857046881894,32.26185898124867,50.21866667110409,0.9934662005579675,49.95467099679628,0
67.54256935914056,24.688032359265602,43.655504439864174,0.7542675704136694,57.3911173716523,1
67.2727643025233,32.141535486038244,48.22857137808445,0.9397473913314346,71.01174244805603,0
43.03113357058429,29.064278674977256,54.442378521149564,0.800257814251933,67.24005426380492,0
69.45705133482188,34.928649978399314,38.91649471232037,0.9192611037328481,46.2821746206157,0
67.69065469791322,35.936930257823754,60.234275009244044,0.8260033012886988,54.48639918691073,0
76.96206364813418,42.94781821009307,73.53415760679971,0.873507928934962,51.9375885543012,1
88.48956094945345,32.89816586606788,46.38365729779619,0.9497835319978394,50.67714272451707,1
81.26565029547757,31.628981582910832,82.78925885462652,0.9412496694951652,60.557216823999354,0
67.3111130944517,30.97192150788668,67.66188132791392,0.9599269550619101,75.20157262958284,0
58.934740912583294,28.23416853594656,75.45870878436085,0.7178851976033976,50.87264661086179,1
95.7335980324986,31.692419217308455,50.132481692217944,0.9076151659119234,58.33394398514907,1
70.59218434014488,28.522992949304854,72.81787840599924,0.7419962130165288,59.54587134205811,1
70.13929291912946,30.84230488134807,43.6209914940703,0.8247455704055233,88.82282647177051,1
69.75874912889996,36.587987678039795,73.35371251254763,0.8645765245164065,87.73331784395344,1
71.98084760767856,24.967287173601793,62.577590096902966,0.8208218454240492,80.00687913760379,1
68.55639588076058,35.699392805645225,68.29876829977175,0.8558835027409022,52.08294604095926,0
64.26337993119763,36.58557533669933,42.36608091562722,0.9989578926395857,43.401865704583486,0
64.53141058759608,29.409657365044605,46.57395236585093,0.7405651941138564,55.845206886031235,1
69.67246729784002,19.390725504957025,68.95842327380078,0.9026368136009276,53.339727471691546,0
64.56575228866235,26.960890064527838,45.77477993663699,0.8188002899156845,65.2962900073197,0
62.871542173228356,36.484972732805545,66.94809438148684,0.7399029396721986,78.88639550338965,1
71.06430227691897,29.88565968850559,39.49293290309632,0.7476210290122928,82.91614694394289,1
67.45022782579144,25.003488838525445,72.72261319000002,0.984781931873685,82.24320427052542,1
85.0399298858269,27.47612539385891,41.51215027847236,0.9638804490135287,57.98377806115339,1
43.49030191606988,34.20310013252276,68.28449906519285,0.9721125881245065,74.36171717303415,0
80.91506851922462,32.7336678410069,69.38446400469002,0.997459832748216,55.641709876211,0
82.4608519249763,28.80533950415153,49.54842272355638,0.7624946170025554,43.04527716175914,1
49.2660976759185,28.165877940926563,68.7303985062709,0.8066318012092185,75.07826328014711,0
66.57312405919652,28.04120925478089,63.90663395000334,0.90076570897746,40.491377628489396,0
66.28559134004209,25.387949077507486,51.91737215710893,0.8451407619581941,60.45912937292443,0
55.924883052821784,38.07687844734721,44.871679738856876,0.8255168600135,56.46896346510378,0
62.22183312409125,28.3883976539433,30.560614624911313,0.8073433748006779,74.66887692594261,0
58.894241545341714,36.085792604127484,65.2447507094954,0.8781341895830357,78.31227363801895,0
87.52270443423623,37.60658025961226,36.52795842956917,0.8726780285920246,55.20473179856419,1
79.35678393147461,34.9915544907398,61.430162991619625,0.7484373502192719,80.58135072224268,1
82.71555094994159,27.841898436409757,56.048276758766264,0.8415219512555316,54.69583802524669,0
77.21672064043236,32.018650451683044,70.18714163157293,0.8660415328629549,62.316317999328064,0
58.70948228782771,29.879021968045418,55.469317507652036,0.8710860816194171,76.3509263507067,0
64.75479733720226,25.48149069634936,55.05828320479363,0.7630321578737055,74.64601146123942,1
74.89374561227918,31.621796408608017,70.97806056432444,0.922681417675686,89.36842361561,1
57.778721911080545,24.10480104420099,65.02587043626177,0.7075597284463209,51.258051210796594,1
77.12998430172388,35.93839694230782,64.74233935774167,0.8064495566629488,73.11589567697911,0
67.59674601841866,27.676913513508033,67.03901384712789,0.93406379456069,70.48409541378888,0
66.25179192450402,31.005798279364196,36.966418151893414,0.8691678763166206,85.7549227245015,1
77.10959968203491,31.41643935773071,71.35183019980472,0.7783487297532581,47.818107082243756,1
74.4426331148604,28.705475131479613,69.18703191020404,0.9084859358029143,77.58990817934665,0
66.3903383418092,32.933469007376374,44.74975307135254,0.870217283246822,68.41343081343842,0
81.59329803364248,27.62548171688738,56.33879289488698,0.9388730828369162,53.73329348939527,0
59.189366724001026,34.35648648728622,59.41039068558553,0.920507555856947,63.72174570735871,0
76.15935606944264,23.270101598766257,57.98254823397401,0.8830323766108704,56.68882985348989,0
75.93101257968384,30.63189789773206,65.00789949852802,0.8464533025932441,68.96567013942304,0
66.9045356068601,39.694644995291426,81.47050172746775,0.7399546377002569,84.4500305407333,1
73.26133022242118,24.998343376972127,76.22650091509243,0.7783999053656151,68.4652492206101,1
57.488864236146966,26.611275147375743,40.31671209852891,0.8257298418751255,71.58612091632921,0
79.240270192069,32.569539248294575,69.33104985459073,0.8797897861019166,65.93739235573547,0
68.15097863557011,30.89790890969799,79.93399979303115,0.8541123565645914,42.55827532227379,0
64.7727697948096,31.753150496367795,65.80212781033804,0.7864553577878588,51.64292784380471,1
80.49009225836889,32.44593565073832,76.3647063777895,0.7019393073369131,64.60008647160413,1
62.95656309457241,33.17360734280885,90.18405668551148,0.8488717665702441,55.51176418723524,1
55.91538703636441,35.54849920978111,75.35564319160471,0.7856877965686729,49.08817988805971,1
54.433708264760966,32.04909328464257,63.739628934625934,0.9203824902131605,65.20664209592192,0
76.0600995134564,28.793711726907286,75.6763271112713,0.707183879581145,56.14048967239252,1
57.19570647503717,33.362868506013655,62.173317496453365,0.8754483433917373,52.90538215867073,0
87.54794181984364,39.49940967447608,60.35854564927433,0.9824422712518196,63.19927087201904,1
49.18070592116278,29.33683126808713,54.72878646429401,0.7523227801334498,46.66421290410866,1
86.96456368290038,25.127353476646793,83.45120038248163,0.8414948472251786,86.38728665377036,1
72.11017467202619,35.53540334643486,47.72357001086998,0.7274265975451414,83.38510489596194,1
69.03286888129608,29.398094180232007,82.98551587017174,0.8877045736784057,75.38102928702676,0
64.5508091319105,19.13665226992982,67.49796185610558,0.8651595041788677,45.31069137942281,0
73.9913611435207,34.23710838575211,39.01040737797088,0.8222096572638496,78.79386272348465,0
69.62365297575151,27.323359070230385,65.51473939487133,0.8564131064421223,80.39786640545094,1
81.03301882016521,29.547333588479198,28.49960238522564,0.9689723975407031,78.3882308857169,0
71.1422764866204,31.659901652845072,69.38262025246553,0.7588882906933201,45.698294355962055,1
71.50301761461877,30.952498398895333,73.27847224483486,0.7067693535116041,72.19539785338824,1
66.36387787786144,33.547259085695195,51.1146606652192,0.9584994654097303,81.71623978746993,1
69.43054376278933,27.822568147150783,61.85321543933374,0.8731351247163719,68.86767006098339,0
73.0780176889206,32.565528990880416,89.31236150625429,0.9671975366385528,72.32036876140445,0
52.89831607343375,28.702266612080415,52.41379943607095,0.8790835670239517,62.91817397131531,0
56.518145778942866,33.694052404437514,44.11638619415099,0.9430483269879107,66.43536599420263,0
77.43264094022715,33.07683742006527,82.22495103693899,0.8289020090065443,41.71884291758626,0
71.70865438127942,25.322806489777022,89.43880785796192,0.9249579793864806,71.94815109866423,0
68.1601666364732,35.42991058087516,60.05543507771771,0.9739124400669568,44.07236064455796,0
70.18433933065393,27.32018277442976,75.17194553112535,0.8716368891166619,61.75072971701117,0
73.47581705361671,34.040288991405724,80.12213873296321,0.7542355451687138,54.632754883370396,1
64.60240319690638,31.836436567006704,48.86273651192424,0.7806392845090594,67.27139751058566,1
62.216952745976876,39.190918383975614,52.72041246948198,0.7595933730692217,46.67081677616035,1
71.95845255097682,28.88267008814074,78.46311769732102,0.7740571082787199,74.58217009866591,1
60.21627222384968,28.253416019409013,85.27521418062764,0.7919246348053108,79.75057684642351,1
74.08252755714472,29.902901970561338,68.44321290261533,0.8665401360259566,48.167722487157825,0
52.9741639576216,28.484101085828623,46.802784697469185,0.8763974888391498,45.215654367594105,0
80.29155637325644,33.99970950971025,89.80591667549162,0.8279499241725583,47.275774139367954,0
74.72597482413043,21.91844695781706,52.03543653282053,0.8846262339462506,83.85637809492508,1
72.56029734313876,24.73158790426823,54.97293328242822,0.7244724776834097,66.40946308781781,1
79.82690983945514,24.660985392104035,65.13506751734432,0.7263364711174479,63.36304980037513,1
86.65474444462576,34.751537959867875,83.31240631072161,0.7515488381072974,45.335590955117716,1
80.1437006501813,38.553066862909624,72.80963964828335,0.8554232494121035,72.4778003378481,0
51.59125768668355,29.477753907312643,66.22298250542866,0.764198403609494,83.3999795947545,1
57.204230332642986,29.155891384049948,66.9493279517716,0.7849853210477732,81.40929346617264,1
63.75181422304321,30.350260815565907,60.65272002965199,0.8200938508518982,71.30273544904006,0
70.26091050210833,35.80939151304095,68.37209271777759,0.943559837203114,43.763935832583684,0
75.17659020469122,25.36323432904713,22.056598834585458,0.704158640773858,45.619851358800645,1
62.742561868465344,31.191844913673926,55.55088811395302,0.8948136460709867,42.46544935549123,0
71.86766764477078,34.87598814891215,63.61982902375171,0.9006629593122055,52.87396082462347,0
62.44617067646678,32.50547084969923,42.73478874570739,0.939596734106991,46.78307335801889,0
63.884821970080516,30.947908082993717,65.7948497671734,0.979825881718094,53.002402012621694,0
55.93338903151778,35.005230462835705,56.932931685208175,0.7060413546847869,59.25290278594808,1
60.76766753889096,16.483838535003812,86.33213547473235,0.7461351116539648,87.14913920355679,1
56.48315394383666,33.38937659765454,83.59529587822284,0.9658513882167978,70.5188029890846,0
60.241267470226674,26.72962158436288,53.012916463227555,0.8375555686561046,81.74868928414811,1
80.5364179660784,20.846835515717714,57.73743432649957,0.869377191680039,75.5175750356166,0
60.50601111168057,32.556012997624904,58.89078651587411,0.8989081611169442,45.62515652633159,0
96.32382064837391,36.86829272581479,53.22510785760566,0.9037199813486911,76.79602031869744,1
74.93317900880889,29.31275742686154,62.9253747604219,0.9795221209949525,53.754944077956225,0
71.84836123694873,34.76437273601469,48.625768966686145,0.999084825223501,71.95539234973532,0
61.41642219818787,38.06139128994323,43.04076997593711,0.916047238279282,57.04809868214943,0
77.00309879408991,36.57457226792024,69.34066835850403,0.7861663627615452,89.88361316323295,1
64.24362173762226,38.199822646856965,69.44294376332716,0.9639257206883031,53.17757397483889,0
71.22009814645361,33.71063745535946,47.93526360510012,0.7147662743622284,53.95652353871348,1
95.60084538268795,30.377168194507963,73.430331461439,0.7693242558623489,86.53361277811992,1
69.03940100275351,21.990170940514158,50.52633406252003,0.9692157152391145,41.232220231816136,0
81.49273326285676,28.769687559350256,63.797478570569716,0.7768574543318064,74.83444939365984,1
62.96823574874112,25.783767023419042,72.30516018918684,0.7661953178865245,76.2663195367939,1
69.65011509503039,40.85471358748907,59.4958115294443,0.7414375879420741,81.81892887051997,1
87.7080063563551,29.120570937838316,66.82111368211702,0.957733527294075,88.72196553192376,1
63.730329422122324,30.61602403392243,52.25355534168642,0.850017477757326,88.78009595783263,1
88.12448557996929,32.75742688020234,57.05300124857854,0.9024679609162465,43.263837878323194,1
77.07751935455475,30.218012231862268,56.9121085367949,0.7717199152225088,81.09196613764513,1
64.37533224105732,38.47525520215376,48.80132480189641,0.927412126303365,72.31549668286907,0
76.3240773905552,26.88675319132774,57.348387553263265,0.9280016634886296,72.36710671865455,0
79.7255444962673,30.973037276186215,36.7707255170438,0.79377940747249,46.41749633073474,1
76.21809962217196,26.28764707150976,52.63269379286843,0.8232047899030849,72.50935832228267,0
54.297752801095434,23.39988744389647,55.726867599454934,0.7629070832290602,89.12412903006239,1
62.728628241751316,26.941154545473573,56.1573037125693,0.9929683069968713,85.59092847697235,1
67.52481364448495,29.81481601475794,56.377538311938316,0.8936807731175235,61.956533040242526,0
69.25566570899954,27.8534888774137,59.073537002098064,0.9803631642146546,41.99739866430472,0
76.20672097550678,26.53789510063072,67.19162277129095,0.7910156630887399,58.11467450001024,1
71.77701000933254,22.96841268164083,73.11775611198783,0.9345672738990669,81.31951558002777,1
56.64655641289899,29.584472136856526,50.25352159727599,0.9297575931654226,75.07495507325831,0
73.80197851005963,22.476398129844988,41.951987169162834,0.9074966955599625,62.96718277969782,0
76.10585745283824,33.80027981844801,44.36933381635345,0.9896916925800401,42.75507675794155,0
75.5979044793104,30.412198764672517,52.69195618207609,0.8180666008318946,61.34473639116513,0
80.80780725554622,22.71224250267535,54.72118023275236,0.7392151970769272,63.45124698589417,1
78.33922154548904,28.453954614750682,48.45005900703814,0.9015126577732182,86.4277766447068,1
74.59180079228437,26.239217972047083,40.55825003625158,0.9187929401431618,72.05430517910797,0
69.29834288541353,31.5958725520959,53.15818758788718,0.8725181720376444,55.582645832732446,0
53.39039066484008,36.702252230115725,62.72139930170957,0.7620453679400189,66.26591322253607,1
74.29618219132585,20.624137651771278,68.92544198753347,0.8513367825008066,43.302765391108004,0
72.07687687163111,30.575130395737087,51.63865420337518,0.7936569209707388,88.62841178248684,1
72.71578837195374,29.199336022166797,53.80503266784849,0.8282399584500066,58.002995096536296,0
57.232514241796906,33.35670038225233,46.09952536729034,0.8935655727533991,63.89336774565679,0
59.189434595917376,31.065983141188447,59.528412444378354,0.9235644228072504,57.764198711846134,0
80.53152853332904,26.240153341305906,47.27357048713778,0.769667407270403,74.12558650581,1
69.60444846143345,28.40473032166691,68.596917198618,0.821597608194086,73.11160791647964,0
76.81500697372624,26.019870715982556,33.21200262098833,0.7807484712974887,75.76611552645679,1
70.28318376130461,35.38003569299299,54.60555491321306,0.7595894841585606,53.407161480596045,1
70.29756139495746,30.10655824335971,64.51661008787613,0.9350161659987515,55.783424058203295,0
79.38283805975998,39.50595342876504,62.757517744837564,0.9727758083310978,46.2625615548104,0
64.83955271782627,29.696695930926897,100.39550495970745,0.8110696557053729,72.77549859230564,1
70.96120776940984,26.457966165447687,65.24700036851861,0.92538367731213,41.989856366782625,0
65.37724711294958,22.431428036935863,44.93918104736984,0.9690985868093234,69.88411677617296,0
65.65503772567685,20.984301618720274,58.5680362936639,0.9538372631590695,83.4847942425817,1
66.90827876531361,22.079320284972553,33.356304998003225,0.7548440165617677,84.54160741448167,1
72.22133771633713,31.335633255057417,58.791003760548584,0.9868875644540084,62.45188801849808,0
65.21251378336522,32.54362511614967,47.50415914498862,0.8130029321288387,62.96518441065369,0
82.55756125573521,22.094046489839332,73.73085413340243,0.8017721983521509,43.84845915040087,0
61.05392697780496,34.475191570380574,51.756895881066974,0.718729398183334,73.5382512721518,1
68.13128355838641,27.5846947415828,58.2485112630713,0.8458520962314648,81.06297101864227,1
65.60268941725825,30.733965059927748,50.46663237893395,0.7327040846922785,52.23275273023565,1
84.46977884353733,38.06110314127712,86.08277027779997,0.7745619462782277,61.06504408166823,1
71.96554776511574,34.48419657932766,55.18135850823133,0.7950827865301844,81.94196683826351,1
80.31844539468635,28.657346760470837,87.48835565218803,0.9426478970475052,83.8560233831144,1
55.14439626963028,25.544038872923565,72.212276431774,0.9626465951187689,52.1589990132113,0
72.67050265869258,19.240922993353475,67.23100091003079,0.7907398952384409,67.52853172706821,1
78.89630795623437,26.4042334037879,65.5309972097628,0.9576094363733721,49.62465753179136,0
70.82283989275425,28.944348805861527,65.90695947324377,0.9571692812109374,45.093938206977825,0
80.65480375065351,25.06410236424408,31.08491130981585,0.9293952851154621,85.55602506959788,1
64.82711549899628,29.343715164538477,55.81674908773865,0.7440085342045544,81.02537521160545,1
84.0934744018558,30.384259414793842,72.67736956776483,0.9070968540702187,78.00174509015869,0
92.9889812361925,28.875720090959607,59.26654224788842,0.9835072193741706,42.43831594065702,1
66.37161439560342,26.7499870958827,38.922152297946376,0.9047621436301471,82.18643963551287,1
65.54497478599228,30.84327335983364,59.213933241337955,0.7994850547323502,61.90220379526919,1
84.533844771177,32.209703247847045,85.56158274383236,0.8501737952292494,57.11975616479298,0
85.79572145730712,24.548004612785768,78.70337573302079,0.8937175130053161,67.32381805126883,1
64.77139972846732,37.054661898731354,59.069939859509525,0.853171122618551,44.56766213617779,0
65.79813182904142,29.507059338578692,74.2717391558713,0.7359858825192909,77.83232746761993,1
67.18215391139493,30.094248114724238,54.50239469447922,0.7936192133956061,69.1217538444148,1
56.555494889657226,33.541072116282784,34.441926197599216,0.9407188091660897,49.32950484365838,0
60.81348053515802,31.166080656317508,46.133010178056686,0.9584254138286552,49.411609988452284,0
59.95859233247932,34.76568316956622,83.44333152762297,0.741190009814671,49.21243257863371,1
62.32202434895871,31.43562082600912,55.89010377256044,0.9857160257196174,42.8501193775967,0
69.65315112613219,26.93781312679781,56.34924030937473,0.7986467853545828,69.38992246858425,1
72.3421473253652,31.80751762603051,55.502427055876794,0.8986941216192159,82.0174088794254,1
85.50500492814076,24.28136896339669,88.56204884359511,0.9255475437870043,40.87491069936943,1
60.016459592612094,30.542798528882617,84.38938373043095,0.943583870391365,42.45023224856368,0
79.84322398476584,29.833850046777695,93.281703501722,0.983724910667779,68.6385138343473,1
67.86011155774491,28.959415713637302,57.61432184399923,0.7938758644086468,80.97478426930262,1
69.50536290347567,29.357312442805345,64.43436733120643,0.9575519363654663,56.33694452843168,0
76.74819492166604,20.590754772511804,37.25036175868813,0.7395060710308621,57.48071994038611,1
58.772779784377015,27.256375461295193,82.15401639177412,0.9115122719060778,69.81732487483879,0
73.82409746184051,30.464224505705573,42.48330673098097,0.9225933188541957,53.71064445620735,0
71.66452208213056,30.799281959987002,63.251633456439436,0.9033169723603961,41.33041830388421,0
74.92451264008149,24.86162429537021,43.54046208550734,0.7756944208405459,76.7614259050798,1
72.89168643907819,36.328539204323505,51.16699759891956,0.9619129441045611,71.28249564707265,0
94.55300139910895,25.669125758927496,47.441063534254496,0.7506575390111184,69.03779995278296,1
63.62260015748684,34.84728600263368,50.881871089862734,0.7160904374562492,77.08420644959116,1
64.69003044998182,32.13597180935842,51.91315945276532,0.9152394971835737,73.76154187810187,0
63.76859473575236,26.768863450780984,51.775968076123846,0.8426427145698201,50.294099408916054,0
64.44522880839746,38.87655446304756,72.50000867670461,0.9547294059876028,57.624052347167556,0
63.62612872693482,24.0318158412176,43.4270581040622,0.8150191423174776,46.305507083931246,0
81.89016531107552,34.59577086805001,63.308121405208006,0.7504835765523138,46.49285067089405,1
84.20504247989855,35.00291159021489,78.26938728458337,0.9509326577409609,73.80978731782696,0
64.29253706250523,26.646898954616777,52.30205453229906,0.8646728894920215,82.93000534912491,1
61.67644426895771,36.962326500321645,49.23121663878597,0.7567587377171064,88.13662919305696,1
74.71415556386404,28.749767427005235,56.542130622296234,0.9161151995759337,71.41735587747222,0
64.47776955719029,31.443468146399287,77.69587812541064,0.8533340915468501,49.20506616804785,0
76.32931817755511,31.301609193856102,62.911614464300364,0.881293894672096,45.28251727244653,0
72.029230208513,29.32845629264726,52.03178558088602,0.8382695014619745,80.6425485768379,1
54.84255885002768,34.05404136579891,67.2581497678206,0.9486126951454019,68.93782381799997,0
85.47505201330061,33.967443602761065,43.46561775245365,0.9488688147049149,70.91425105068599,1
87.95877673095522,21.257340133809095,70.22039265664422,0.9128166465473159,79.07310443773545,1
63.87211309515614,36.52170121439076,66.12910961552652,0.7316204132189387,75.16386138662259,1
66.12298440064016,21.68754005982163,55.38287293291674,0.9516561585712207,81.72291264280483,1
72.85865390724905,35.16273102170829,47.421213023291536,0.9013038941598729,42.810695272993925,0
73.34456789987026,35.633525684137915,46.69978616574814,0.9091072498012899,77.37603183732524,0
76.5854427267283,24.54516784892401,68.02226004518866,0.8088948521211614,82.54263786610477,1
90.1020453876635,27.945928560227077,78.43470753733592,0.9637838668471019,54.30675212291572,1
68.2305277250595,24.47147665757032,50.44038379456808,0.9176114800704572,72.02236369966263,0
62.01702755461546,28.925394848556323,66.87580055327226,0.7337771399587583,55.70810319184861,1
56.20680771985473,28.459828579071292,28.69459472096897,0.8223334103218488,87.8985533241227,1
62.69069960058081,33.8983026613467,51.23073404014201,0.9659141085880425,41.67117862177519,0
69.66873027126204,36.55154373059804,59.53411600693647,0.7141590105092137,68.98964219164776,1
87.94557863517788,36.97841905394978,46.354748745272495,0.9884249858926148,48.325177352475755,1
64.82388700963828,27.18915986710849,45.95240437815606,0.9037487704958689,75.61101025885793,0
72.23787951638899,28.95389063127736,49.983306652966704,0.8894127932930129,48.794514170933105,0
69.83577103927247,21.58280903889525,64.38289092489559,0.7811677769463974,51.76916309491788,1
81.88393273448084,25.970649667519055,57.19006472390438,0.774637536621753,64.7185405522879,1
95.26932425873622,34.82425816548729,26.42653150012542,0.9826174658465787,85.74174749984391,1
64.6913122707968,38.07791411774116,28.189497710474008,0.7894817362702368,50.58571860739854,1
65.10560557481777,23.82825564060039,50.89702233214237,0.9326515890156998,47.212001055905176,0
80.44160877069072,27.037678704235528,66.86529879080328,0.8179365394621237,77.94884159270154,0
76.81891489626311,29.867971215205365,18.78742735912148,0.7417762212354112,65.03097661669655,1
88.46707325736034,31.400805794098034,52.50404735772554,0.7032145893086077,85.58925561908856,1
75.83928185325964,25.95198240039177,52.106282152238684,0.8632772011045753,47.330727857992116,0
66.40707909212941,32.12030522232045,80.82506667312671,0.9927336455646798,72.29639465115196,0
75.9065483069231,27.63080326464542,54.22467282430705,0.8107408581427613,51.64395730759075,0
81.08703580582907,29.927738645608603,65.74483477111393,0.8071577001979134,47.83802143258197,0
78.20482181197364,32.7314212400185,62.118857101311946,0.8032274853548326,74.17147075786352,0
75.07274031107298,30.032111349054688,28.04150280289199,0.8561631511914575,69.68423099543666,0
80.66674689589154,27.818070547367157,71.52310824947605,0.832199465027288,77.74137291811655,0
81.69295590445672,29.451950980370846,63.23094758184432,0.9639743880181044,55.47312882230912,0
83.82158991037527,29.558185203973323,67.62402959511884,0.8516562375170471,62.39858281910949,0
76.48709887589642,28.14994485058936,118.8935655965449,0.8523273514565706,60.273583816520926,1
68.32881919683146,28.706019686664487,28.738305907521173,0.7415114784161669,89.2044731983257,1
71.46713686433323,37.99323585252358,85.87044974641663,0.9948218622731158,54.612447836969395,0
82.06508966508358,32.8045972397062,55.688287208994666,0.7749918672606488,54.74086191733834,1
61.83064329012764,28.522598409854197,64.30993356604515,0.7220092202378807,57.727410441430365,1
73.68673308872901,33.48477202255368,59.31731632048137,0.8989438746925626,68.22970406451607,0
66.0666118767264,28.33090255121995,53.63645499902935,0.8786099110470618,52.61613721318726,0
70.28744822934817,35.86562318793321,51.452506076418615,0.8245436961978236,85.7644970189637,1
82.78451862607298,31.84821096099047,64.94263103359513,0.8266576701642034,53.284278243313175,0
71.91099068019903,29.463489279978855,37.24239454992481,0.9355191763139293,84.79078657800974,1
70.46436548156149,32.23858462905139,71.25868751282648,0.7587137920298946,45.173753182329236,1
56.40143859020081,22.145619239657503,53.757083926721194,0.9460759956834669,72.82813511998262,0
77.46253566027221,24.366162655450974,43.04895991439463,0.8946241341685054,85.34927592191218,1
76.45484181141076,24.030374968004722,53.24980713006279,0.8256909321338572,48.437471919911474,0
91.6325472330546,30.714715473818533,78.8572382529386,0.8374085849751606,88.41634800496274,1
66.92221765046999,38.66257499742546,51.96997369475665,0.7769941621558287,62.64416802077558,1
72.1915032766394,41.15650073096316,65.3768042731443,0.9256342998090924,87.28575542205122,1
72.49383683710755,33.19025550720379,49.0356558642679,0.8538624226915803,73.84100218150235,0
85.77453279763475,32.50422237472228,71.3688277488543,0.796256362824953,55.07934349367758,1
69.04704467613048,20.994711329236303,70.28261608185306,0.878815034728285,49.41512624585532,0
72.7902152577034,27.28663100132989,87.72913249944617,0.9987203356153969,55.18675231125497,0
76.0789650971654,26.061081240458805,57.36654081751177,0.8305786838969661,44.65087046313375,0
71.86609123156359,26.89576200874442,70.0298220713686,0.9762074202335859,47.19339831716649,0
65.53566385449471,29.159280907076052,61.47101309308417,0.8035050519773698,45.23302201732406,0
71.94089992898307,27.639547111514364,79.43807672794522,0.7164198120774957,61.14717718707789,1
80.73631749859771,20.10350094812106,49.21751418586904,0.7612726319105286,79.77891881287931,1
59.7348470058894,33.73955128058767,71.17507969315922,0.8256085429983052,47.06917771081701,0
71.32969674146877,24.636284871300965,57.079540558249775,0.7658904785783707,46.51602165861679,1
62.99879185060827,31.196234320555746,59.037177343372534,0.7000681114654767,72.17144747586653,1
81.95046628924842,40.370413348749864,61.37628726672559,0.9745004613242582,49.859149098403314,1
54.76813095216225,25.403077042067885,63.78360594640016,0.9531638233692787,44.88050190544958,0
64.41078152728412,17.348562386268352,58.256564353170624,0.9226876694460842,48.34242891027888,0
73.7721187506452,28.569978890599447,63.22069774755789,0.7503443786938085,86.1865697938388,1
85.65524029234341,35.50479817499286,83.67177086343277,0.7361090728629958,81.07356263880953,1
69.34249738927012,39.79173727110297,74.78174528422828,0.7202814248417149,57.703228117754705,1
64.44800473306802,23.852252027737915,73.03731888745345,0.9172087566318763,72.79103836636963,0
88.8115706944059,32.48349611618261,53.16690710964194,0.9786423882063655,66.8637836834019,1
55.51986099583756,27.673447716099734,46.66138757657514,0.829160746273911,73.8562131741282,0
48.01194043379918,29.47025822847932,74.3295083735663,0.7357422015988144,74.13355762313796,1
74.40014450053333,43.221716735085174,73.14070188794692,0.853717846219632,71.43670075299966,1
64.97945775647389,22.485148358024233,82.09006013626473,0.804649572237589,53.30506842686543,0
59.787671828692865,31.268698307472867,50.94029061046156,0.8124474773049992,41.950321038140906,0
77.08356447299353,32.33846585882716,56.55677016959479,0.8863991872467122,62.778339099505445,0
72.43800713771199,35.42893162469674,35.407737562118484,0.9156154339786606,84.54869423453519,1
64.35921369263272,30.48991576735448,54.11293340908691,0.7331810796619482,68.47486292592879,1
57.19695601329106,31.54025269752051,74.94855765869171,0.7106770692419428,81.61955208509539,1
78.72457328280144,28.041757162891045,53.002569311577034,0.9982990908057144,89.5812171480614,1
76.50201177958661,31.345634706225535,69.60719692801236,0.7698185046746655,48.18081020691381,1
69.00824136220618,28.28403862251295,57.14245341003283,0.7161491574725377,74.58888195709912,1
88.46636996047665,33.107859449280255,64.86085542332341,0.7569625987287759,73.71467868500123,1
59.29915233673847,28.15194831978183,42.78462915276499,0.7116873539045392,88.99777236791392,1
54.74474829075261,31.885501969510933,61.27814174450852,0.8175432683851515,89.28003669764001,1
63.080919301187556,29.853685931575107,15.13296043648915,0.9407205353353972,74.33393058620646,0
69.54413983644503,35.63025125386084,57.19655762757023,0.8023733349273161,52.180739599109714,0
72.43339449322691,29.74303138205757,35.5429013442729,0.83325502206351,79.92779190652996,0
67.5876394214367,21.134837658965594,78.08991774820224,0.9026760320702316,45.35145671055191,0
73.52055396514297,36.30960750356996,71.66111029146766,0.8526682210209641,79.03496520858144,0
57.48460575809556,25.471338495686904,67.00006472949121,0.9584337058063972,85.50980620723482,1
84.4376460407326,26.7311683067559,82.8150934073907,0.959810702513727,59.14166973842176,0
69.17848821607431,27.02169352978254,45.766252187627444,0.702973208647346,71.53176474915402,1
81.17295831588127,36.87219046585409,86.21044796873338,0.9334138919449597,61.507136604841314,0
73.42725346377703,19.32162893010652,73.98287346390578,0.8382200800725021,61.88825274940642,0
74.56753219153784,45.688742668299966,56.45167069171581,0.9966521623910989,55.518544455406,1
75.69767280232205,35.28028404533026,77.03430220774416,0.8449696227626305,78.10648102251622,0
74.47708560017315,31.1161945706458,43.40559731382549,0.9960687836164892,86.80882820832525,1
76.42722759867544,29.725529996918567,47.632287577084895,0.926370808361721,87.03754296172306,1
83.29152530132431,31.427770374288286,50.8711541514045,0.7745814653839919,48.73906424374669,1
71.9652116970147,32.60561214189669,52.06533437903977,0.8615184937860872,83.7371824828283,1
77.09003757588512,33.22607792975028,44.15163535859621,0.9976406918435748,76.8715720713561,0
69.10264305712774,32.778022330017244,78.34624600642988,0.9572591823255772,52.64187003451446,0
84.40117215449473,30.447903406276243,56.117183994452525,0.7292100681373663,43.364230646075725,1
63.2360769794073,29.01330789846337,65.2875745253532,0.9119115990429988,53.3998633442189,0
88.00940432910815,29.243633581732443,51.44472950379479,0.8036738757612438,85.61041183907628,1
69.59842049355656,29.025458598236597,32.69095049177224,0.7020946785641043,71.65893374478861,1
55.69224897881952,35.66885048433532,64.05086037587134,0.8210442907080998,76.05273304489359,0
71.2810441491079,32.96778361140431,31.316175368703348,0.7704263265174913,52.857617555454794,1
63.18948342525119,15.298056826678598,58.97048930871797,0.9456607811561415,75.96940777874102,0
78.40643548988724,33.279503882648804,39.47527441750785,0.8011991826537296,41.40607531389619,0
63.47376020697609,30.973680973593876,89.80913998846212,0.9482571081861451,58.76606728865069,0
65.5381656678522,29.90645621777051,73.67044083262083,0.7001793816504386,71.33766742711656,1
51.10459269054469,28.05740773455557,61.5863068690722,0.7923457450078357,47.30482827706601,1
65.47693680750923,35.620563599930065,78.95560016482003,0.7723495642923286,81.15017872234674,1
45.76120673371044,34.73763231061429,47.305260338013966,0.7700702083205833,51.751564940595934,1
54.16097176514277,26.135611660881956,68.15219068005139,0.7204559859296388,72.61405564092232,1
77.60414656144297,32.03526143562267,62.9971565057807,0.7561372811231505,60.259857128766484,1
77.85800158650832,25.14171632729357,63.96030122000505,0.8666648709656859,69.80217977388236,0
74.25457561784965,23.101909176055347,79.08530250160152,0.7874083218513233,45.37252763144541,1
60.33023856870787,26.866413877050174,70.98738154169703,0.8252184346987443,40.845639996080365,0
69.5228864385802,34.311967361913794,64.33085494237535,0.8130600641041565,85.47822136901506,1
69.96397460909432,34.76562522688043,35.17668845657556,0.9627714774999684,53.48150043835914,0
58.416353108074574,32.56542710048647,45.59930557080804,0.9715896997031546,80.98385013902296,1
85.0339830176715,33.625478934239986,58.15936599606414,0.847887091496758,89.96751502361002,1
78.77362290575671,32.58089143557479,61.40058561414977,0.7990467850946813,50.57156289994556,1
67.79035826170336,26.792592023885238,43.046944129891145,0.7320402112007091,53.25853705916778,1
70.26885838994531,32.159612723369705,96.17515013367631,0.9860208638146285,73.14298938173329,1
72.08382807947552,34.00204762613841,82.74591082880359,0.7180680834700892,88.27243173003106,1
49.58265131575709,33.77145664906787,69.03177480588725,0.7892950832704841,85.7907174095372,1
67.52822617479403,35.94456685737322,61.08055291925617,0.7894198603510012,65.14377600327924,1
63.180157520022014,33.54151923600532,56.81686545148273,0.7961203858420645,79.75551412633624,1
59.983799901050844,31.757241037707914,45.72122309966647,0.7492860529817228,46.787292654995056,1
67.18899707114045,35.350751191582134,61.16220777778294,0.9349484292771091,88.87190921020061,1
87.97686526849523,29.8673937037547,63.86628810214126,0.7367493585897967,88.21766170179933,1
76.4084286126701,25.59062674386141,41.37359136777563,0.8904719977459488,48.186447893958544,0
64.28821010217203,29.18466518028118,65.01264625867346,0.7371538080117452,54.97115624015533,1
75.72582781356158,26.275486775967757,57.67111426762877,0.721160691277887,45.00774987533835,1
